-- MySQL dump 10.13  Distrib 5.7.19, for Win64 (x86_64)
--
-- Host: localhost    Database: bookstoreproject1
-- ------------------------------------------------------
-- Server version	5.7.19-log

/*!40101 SET @OLD_CHARACTER_SET_CLIENT=@@CHARACTER_SET_CLIENT */;
/*!40101 SET @OLD_CHARACTER_SET_RESULTS=@@CHARACTER_SET_RESULTS */;
/*!40101 SET @OLD_COLLATION_CONNECTION=@@COLLATION_CONNECTION */;
/*!40101 SET NAMES utf8 */;
/*!40103 SET @OLD_TIME_ZONE=@@TIME_ZONE */;
/*!40103 SET TIME_ZONE='+00:00' */;
/*!40014 SET @OLD_UNIQUE_CHECKS=@@UNIQUE_CHECKS, UNIQUE_CHECKS=0 */;
/*!40014 SET @OLD_FOREIGN_KEY_CHECKS=@@FOREIGN_KEY_CHECKS, FOREIGN_KEY_CHECKS=0 */;
/*!40101 SET @OLD_SQL_MODE=@@SQL_MODE, SQL_MODE='NO_AUTO_VALUE_ON_ZERO' */;
/*!40111 SET @OLD_SQL_NOTES=@@SQL_NOTES, SQL_NOTES=0 */;

--
-- Table structure for table `auth_group`
--

DROP TABLE IF EXISTS `auth_group`;
/*!40101 SET @saved_cs_client     = @@character_set_client */;
/*!40101 SET character_set_client = utf8 */;
CREATE TABLE `auth_group` (
  `id` int(11) NOT NULL AUTO_INCREMENT,
  `name` varchar(80) NOT NULL,
  PRIMARY KEY (`id`),
  UNIQUE KEY `name` (`name`)
) ENGINE=InnoDB DEFAULT CHARSET=utf8;
/*!40101 SET character_set_client = @saved_cs_client */;

--
-- Dumping data for table `auth_group`
--

LOCK TABLES `auth_group` WRITE;
/*!40000 ALTER TABLE `auth_group` DISABLE KEYS */;
/*!40000 ALTER TABLE `auth_group` ENABLE KEYS */;
UNLOCK TABLES;

--
-- Table structure for table `auth_group_permissions`
--

DROP TABLE IF EXISTS `auth_group_permissions`;
/*!40101 SET @saved_cs_client     = @@character_set_client */;
/*!40101 SET character_set_client = utf8 */;
CREATE TABLE `auth_group_permissions` (
  `id` int(11) NOT NULL AUTO_INCREMENT,
  `group_id` int(11) NOT NULL,
  `permission_id` int(11) NOT NULL,
  PRIMARY KEY (`id`),
  UNIQUE KEY `auth_group_permissions_group_id_permission_id_0cd325b0_uniq` (`group_id`,`permission_id`),
  KEY `auth_group_permissio_permission_id_84c5c92e_fk_auth_perm` (`permission_id`),
  CONSTRAINT `auth_group_permissio_permission_id_84c5c92e_fk_auth_perm` FOREIGN KEY (`permission_id`) REFERENCES `auth_permission` (`id`),
  CONSTRAINT `auth_group_permissions_group_id_b120cbf9_fk_auth_group_id` FOREIGN KEY (`group_id`) REFERENCES `auth_group` (`id`)
) ENGINE=InnoDB DEFAULT CHARSET=utf8;
/*!40101 SET character_set_client = @saved_cs_client */;

--
-- Dumping data for table `auth_group_permissions`
--

LOCK TABLES `auth_group_permissions` WRITE;
/*!40000 ALTER TABLE `auth_group_permissions` DISABLE KEYS */;
/*!40000 ALTER TABLE `auth_group_permissions` ENABLE KEYS */;
UNLOCK TABLES;

--
-- Table structure for table `auth_permission`
--

DROP TABLE IF EXISTS `auth_permission`;
/*!40101 SET @saved_cs_client     = @@character_set_client */;
/*!40101 SET character_set_client = utf8 */;
CREATE TABLE `auth_permission` (
  `id` int(11) NOT NULL AUTO_INCREMENT,
  `name` varchar(255) NOT NULL,
  `content_type_id` int(11) NOT NULL,
  `codename` varchar(100) NOT NULL,
  PRIMARY KEY (`id`),
  UNIQUE KEY `auth_permission_content_type_id_codename_01ab375a_uniq` (`content_type_id`,`codename`),
  CONSTRAINT `auth_permission_content_type_id_2f476e4b_fk_django_co` FOREIGN KEY (`content_type_id`) REFERENCES `django_content_type` (`id`)
) ENGINE=InnoDB AUTO_INCREMENT=19 DEFAULT CHARSET=utf8;
/*!40101 SET character_set_client = @saved_cs_client */;

--
-- Dumping data for table `auth_permission`
--

LOCK TABLES `auth_permission` WRITE;
/*!40000 ALTER TABLE `auth_permission` DISABLE KEYS */;
INSERT INTO `auth_permission` VALUES (1,'Can add log entry',1,'add_logentry'),(2,'Can change log entry',1,'change_logentry'),(3,'Can delete log entry',1,'delete_logentry'),(4,'Can add group',2,'add_group'),(5,'Can change group',2,'change_group'),(6,'Can delete group',2,'delete_group'),(7,'Can add permission',3,'add_permission'),(8,'Can change permission',3,'change_permission'),(9,'Can delete permission',3,'delete_permission'),(10,'Can add user',4,'add_user'),(11,'Can change user',4,'change_user'),(12,'Can delete user',4,'delete_user'),(13,'Can add content type',5,'add_contenttype'),(14,'Can change content type',5,'change_contenttype'),(15,'Can delete content type',5,'delete_contenttype'),(16,'Can add session',6,'add_session'),(17,'Can change session',6,'change_session'),(18,'Can delete session',6,'delete_session');
/*!40000 ALTER TABLE `auth_permission` ENABLE KEYS */;
UNLOCK TABLES;

--
-- Table structure for table `auth_user`
--

DROP TABLE IF EXISTS `auth_user`;
/*!40101 SET @saved_cs_client     = @@character_set_client */;
/*!40101 SET character_set_client = utf8 */;
CREATE TABLE `auth_user` (
  `id` int(11) NOT NULL AUTO_INCREMENT,
  `password` varchar(128) NOT NULL,
  `last_login` datetime(6) DEFAULT NULL,
  `is_superuser` tinyint(1) NOT NULL,
  `username` varchar(150) NOT NULL,
  `first_name` varchar(30) NOT NULL,
  `last_name` varchar(30) NOT NULL,
  `email` varchar(254) NOT NULL,
  `is_staff` tinyint(1) NOT NULL,
  `is_active` tinyint(1) NOT NULL,
  `date_joined` datetime(6) NOT NULL,
  PRIMARY KEY (`id`),
  UNIQUE KEY `username` (`username`)
) ENGINE=InnoDB AUTO_INCREMENT=103 DEFAULT CHARSET=utf8;
/*!40101 SET character_set_client = @saved_cs_client */;

--
-- Dumping data for table `auth_user`
--

LOCK TABLES `auth_user` WRITE;
/*!40000 ALTER TABLE `auth_user` DISABLE KEYS */;
INSERT INTO `auth_user` VALUES (1,'pbkdf2_sha256$36000$WsBtK1h6UbZ4$vMUCLowhtoiHRWIw7JMJkD1OSCp0StqvpUmGMnXDLXc=','2017-12-15 15:23:09.421848',1,'admin','','','',1,1,'2017-12-08 16:06:30.395240'),(2,'pbkdf2_sha256$36000$8A8FuRLanQJA$P/NWihQ1hNJcAR2R7j9yfMBKs9ZQWyTUcMWmRH0x27A=','2017-12-12 07:22:52.183959',0,'xiexin2011@gmail.com','XIE','XIN','xiexin2011@gmail.com',0,1,'2017-12-12 04:17:48.366147'),(3,'pbkdf2_sha256$36000$cCKvRbHAPAPW$N9AZMizrY5bA635e2KRxpQVpkDSt69EqsbzChb8dLVY=',NULL,0,'huangran1991@yahoo.com','HUANG','RAN','huangran1991@yahoo.com',0,1,'2017-12-12 04:17:48.564307'),(4,'pbkdf2_sha256$36000$wAJ1We3Rfc0p$WqvE/vzO7IlEMRfvwYG+Z9UfM8eBw91A7tdxwGHpsc0=',NULL,0,'gohengchye1992@msn.com','GOH','ENG CHYE','gohengchye1992@msn.com',0,1,'2017-12-12 04:17:48.751422'),(5,'pbkdf2_sha256$36000$AGrT2vqbR6FM$2glMQg4AtC84zsyxz9Mhq0RfrUSYOKAPv4u9ZKlStog=',NULL,0,'gohhuiying1989@gmail.com','GOH','HUI YING','gohhuiying1989@gmail.com',0,1,'2017-12-12 04:17:48.790447'),(6,'pbkdf2_sha256$36000$ngrFmzai4jrx$bEAryBC/RtflUd4/GSU9lnYLT93y4fi1RjBLDVqTpWg=',NULL,0,'fanghan2011@hotmail.com','FANG','HAN','fanghan2011@hotmail.com',0,1,'2017-12-12 04:17:48.830475'),(7,'pbkdf2_sha256$36000$oVM3qA4OWFwg$u5nR4F3HO/91kPnemL+7pIYOBy2+ZJnziTj7HqRh7l0=',NULL,0,'dingkuanchong2010@msn.com','DING','KUAN CHONG','dingkuanchong2010@msn.com',0,1,'2017-12-12 04:17:48.869503'),(8,'pbkdf2_sha256$36000$XHVQ77KKRti2$MD1yTItCnGyegFkceCNm3zEj6vDPSuZqu92Qi9Rj514=',NULL,0,'tayweiguo1989@msn.com','TAY','WEI GUO','tayweiguo1989@msn.com',0,1,'2017-12-12 04:17:48.912533'),(9,'pbkdf2_sha256$36000$a3XgpjcQntad$D47RdtRfRL2w7WgX1F8fU7F09MArXGqn5IFkVUA22tM=',NULL,0,'ongkahhong1991@gmail.com','ONG','KAH HONG','ongkahhong1991@gmail.com',0,1,'2017-12-12 04:17:48.954564'),(10,'pbkdf2_sha256$36000$ZqXhNSVnLoUA$zCA2wpKhXboYNd4PbnZlQ7LAkTg5LulI2AVwXG58qkM=',NULL,0,'pengjiayuan2011@hotmail.com','PENG','JIAYUAN','pengjiayuan2011@hotmail.com',0,1,'2017-12-12 04:17:48.999595'),(11,'pbkdf2_sha256$36000$xGuGBDeGtdKe$Sc4XEv9nMm3/yrRajFq1eglDmk4MVkEE0RSvEI3D7U4=',NULL,0,'huangzhanpeng1992@msn.com','HUANG','ZHANPENG','huangzhanpeng1992@msn.com',0,1,'2017-12-12 04:17:49.037622'),(12,'pbkdf2_sha256$36000$G1ww0awB3nww$9mw5aBZZ1Dhg9Gs4UUfyAIUJVL8iduyIcbQq+JMVycI=',NULL,0,'ngoogekping1990@hotmail.com','NGOO','GEK PING','ngoogekping1990@hotmail.com',0,1,'2017-12-12 04:17:49.078651'),(13,'pbkdf2_sha256$36000$CN9FJ0Vhhn1b$P/M1VaRr95A7JboYkWgEm2AGG/BGU2r6XxbpMITZh4s=',NULL,0,'geyuwei1992@hotmail.com','GE','YUWEI','geyuwei1992@hotmail.com',0,1,'2017-12-12 04:17:49.118698'),(14,'pbkdf2_sha256$36000$Yf5JGYI3KzHU$YKzyr5Vv7jRqARtjOgC4O1VUPNanQchzE4V9M2jZ2ZY=',NULL,0,'zhengzhemin1991@yahoo.com','ZHENG','ZHEMIN','zhengzhemin1991@yahoo.com',0,1,'2017-12-12 04:17:49.158708'),(15,'pbkdf2_sha256$36000$8ReLl63gEy5U$ahIQrnciNuqIQN5fwiE5lPrXf/EyafRF8qXOLdTjJKI=',NULL,0,'liuzhanpeng2011@msn.com','LIU','ZHANPENG','liuzhanpeng2011@msn.com',0,1,'2017-12-12 04:17:49.222756'),(16,'pbkdf2_sha256$36000$MLKagC7iGt6w$o2sORimcSOzd9nGKzwkbe2Cv5cR7c+9gyl76BMox7Js=',NULL,0,'huangwenxin2010@msn.com','HUANG','WENXIN','huangwenxin2010@msn.com',0,1,'2017-12-12 04:17:49.261829'),(17,'pbkdf2_sha256$36000$53WCaV61JG2I$Zj+X7h2kT2T0rJi5OM5p/vpAHbIwtb4kUOLApT1HHHg=',NULL,0,'choyweixiang2011@gmail.com','CHOY','WEI XIANG','choyweixiang2011@gmail.com',0,1,'2017-12-12 04:17:49.317847'),(18,'pbkdf2_sha256$36000$HSVdiXkR5PwZ$GAxKCV29t3YEoNsW0imNd5vBZFfI3AQerwivQcGXGVg=',NULL,0,'wangna1990@yahoo.com','WANG','NA','wangna1990@yahoo.com',0,1,'2017-12-12 04:17:49.356849'),(19,'pbkdf2_sha256$36000$t6BgkIrqs5Os$0l8ijNcnVu3rkKopOm551rNaX3ipmAx+SMTdscjumLM=',NULL,0,'zhouhuichan1990@msn.com','ZHOU','HUICHAN','zhouhuichan1990@msn.com',0,1,'2017-12-12 04:17:49.395879'),(20,'pbkdf2_sha256$36000$pJUEhWrbyaPG$ftvx2/OBhRgQQJDxxgJ9/FvQUF7q2iDFSp4mbsYe0T0=',NULL,0,'nganhquang1991@yahoo.com','NG','ANH QUANG','nganhquang1991@yahoo.com',0,1,'2017-12-12 04:17:49.434905'),(21,'pbkdf2_sha256$36000$EMVooK1hwsJb$mX2HFlovk6uREAamN2GGOwfcO5VxC/rzJ4cqivPi4mk=',NULL,0,'huangqi1990@msn.com','HUANG','QI','huangqi1990@msn.com',0,1,'2017-12-12 04:17:49.482939'),(22,'pbkdf2_sha256$36000$p87IXWl0WiKv$PTPkHeWBlkY1FwYG6dp83eB/8oZ+JK14XTgFTM9KNEs=',NULL,0,'dinggekping1991@msn.com','DING','GEK PING','dinggekping1991@msn.com',0,1,'2017-12-12 04:17:49.563996'),(23,'pbkdf2_sha256$36000$mi5vZ8gSs3BM$6EfYVRKurtd7v0xx7uHSQs2UETspXZYbRQzh5F+5OYg=',NULL,0,'pohhuiling1992@hotmail.com','POH','HUI LING','pohhuiling1992@hotmail.com',0,1,'2017-12-12 04:17:49.603025'),(24,'pbkdf2_sha256$36000$z6jIHGECngMj$4bDQ51UBGzgk4XaP9BX3tnNpb2vsHdpbbYOwU4AdphQ=',NULL,0,'ngqiyang1989@msn.com','NG','QI YANG','ngqiyang1989@msn.com',0,1,'2017-12-12 04:17:49.643058'),(25,'pbkdf2_sha256$36000$JdjN6onXlw2W$df9rt0kRgJ+sEIpOwd9gGR9y7zvziFLfDhVzK1u1MBA=',NULL,0,'neelamdeol2011@hotmail.com','NEELAM','DEOL','neelamdeol2011@hotmail.com',0,1,'2017-12-12 04:17:49.683082'),(26,'pbkdf2_sha256$36000$jdzfzIn1IdvQ$rD2cn5Kvk4faIyi9U7Ew1HJs/0+9Y3+T03kpSRNJDyc=',NULL,0,'liyuzhao1990@gmail.com','LI','YUZHAO','liyuzhao1990@gmail.com',0,1,'2017-12-12 04:17:49.808176'),(27,'pbkdf2_sha256$36000$70Uz0vWmt9Rs$Qiyx0iMzXkOJ5el2wbGaL2iDoarD3vvZgp/3qVP0Kek=',NULL,0,'vargheseaneja1992@msn.com','VARGHESE','ANEJA','vargheseaneja1992@msn.com',0,1,'2017-12-12 04:17:49.847203'),(28,'pbkdf2_sha256$36000$3yCF2sppsLyE$Gl42I8dxa+vfUS0/nVY7zX2d3qwetFe9QiUqVQmzPD8=',NULL,0,'liushaojun2010@msn.com','LIU','SHAOJUN','liushaojun2010@msn.com',0,1,'2017-12-12 04:17:49.887237'),(29,'pbkdf2_sha256$36000$QxKvMtH07EOl$3uXH9uNj2IuIPHSqhbI1QzH9AS0qbpZRgf9aWwv6jr4=',NULL,0,'qinyiyang2010@hotmail.com','QIN','YIYANG','qinyiyang2010@hotmail.com',0,1,'2017-12-12 04:17:49.929274'),(30,'pbkdf2_sha256$36000$lEbuaTF6wIWp$zpqXBolETdCYpgitdfFzINU6xcAjjSv/7q9K8U4Ixnw=',NULL,0,'zhoucong1990@yahoo.com','ZHOU','CONG','zhoucong1990@yahoo.com',0,1,'2017-12-12 04:17:49.977291'),(31,'pbkdf2_sha256$36000$yIx7Iewc3a6k$j6CDYpcIWawjNRV/9oIuBpf4WAdbgUGGXQLcZIbJE/Q=',NULL,0,'tayyongming1989@gmail.com','TAY','YONG MING','tayyongming1989@gmail.com',0,1,'2017-12-12 04:17:50.017319'),(32,'pbkdf2_sha256$36000$BKU55Dew1h3y$b+XLfyrRqZddONevMUxIVEvdbg1G3cNwhL30jowOGG4=',NULL,0,'siowcaokhoa1991@msn.com','SIOW','CAO KHOA','siowcaokhoa1991@msn.com',0,1,'2017-12-12 04:17:50.059353'),(33,'pbkdf2_sha256$36000$I6oH2PkBVO64$CxsqxdMKfjDccDGmhFkrdjcYWWuBmZtJdACAxhrUTBs=',NULL,0,'nihanran1989@msn.com','NI','HANRAN','nihanran1989@msn.com',0,1,'2017-12-12 04:17:50.099376'),(34,'pbkdf2_sha256$36000$KVx5V4OVznZL$HmE/mzuhyXWt+T/hDcaHPrcVCMNqJZk5b7u5fH3vxTg=',NULL,0,'choyyiting1992@hotmail.com','CHOY','YI TING','choyyiting1992@hotmail.com',0,1,'2017-12-12 04:17:50.139407'),(35,'pbkdf2_sha256$36000$BmlnmJFnSsm2$sQOsMRnzF5x3qeGr2HqefZ6AEPbtv4hQGIZNnxqjyyA=',NULL,0,'dennisbeckham1989@msn.com','DENNIS','BECKHAM','dennisbeckham1989@msn.com',0,1,'2017-12-12 04:17:50.193461'),(36,'pbkdf2_sha256$36000$NUbllc5D2kK6$nzDzsABfttkFbmgCkGydVlHHvfmLuc/l1uwpYMEMwWM=',NULL,0,'zhangzhuo1989@hotmail.com','ZHANG','ZHUO','zhangzhuo1989@hotmail.com',0,1,'2017-12-12 04:17:50.232472'),(37,'pbkdf2_sha256$36000$q2wF5GpiQomG$xo8/FSuVpqEhlRXRMn+UPT/G3+8H49kz12ye6+A0tIc=',NULL,0,'anupamaanghan2010@yahoo.com','ANUPAMA','ANGHAN','anupamaanghan2010@yahoo.com',0,1,'2017-12-12 04:17:50.272502'),(38,'pbkdf2_sha256$36000$ngABmuayjdyC$M74sgawigKV3X4hhSP2GatA99uRrnVu7Iw215xPbafs=',NULL,0,'liuqian1991@yahoo.com','LIU','QIAN','liuqian1991@yahoo.com',0,1,'2017-12-12 04:17:50.312528'),(39,'pbkdf2_sha256$36000$beBOdquDThKz$YPloyaH4/o26kh7sqfkhzhnVgul3TgJaNwS1JaEcv64=',NULL,0,'zhangyingbo1989@msn.com','ZHANG','YINGBO','zhangyingbo1989@msn.com',0,1,'2017-12-12 04:17:50.352556'),(40,'pbkdf2_sha256$36000$LGgFHxtmoFaY$jOzk7x1VY0cnjH41QEf+nl+E6qFtdVj76uZeoW3s2Mw=',NULL,0,'chiayeuarng1991@hotmail.com','CHIA','YEU ARNG','chiayeuarng1991@hotmail.com',0,1,'2017-12-12 04:17:50.390583'),(41,'pbkdf2_sha256$36000$VRFaVGRijrKR$wBpj4V2vZcCLO4GPQsvJtZ7AbCLr3W3dKCz2t3JAy9Q=',NULL,0,'zengyihui2010@yahoo.com','ZENG','YIHUI','zengyihui2010@yahoo.com',0,1,'2017-12-12 04:17:50.429629'),(42,'pbkdf2_sha256$36000$JyxE4ulpMFBm$sTMZ0STuMAcUGYIPO+lKIxhYp1DIpTpMvbC/9NN8/aI=',NULL,0,'fengmeng1990@gmail.com','FENG','MENG','fengmeng1990@gmail.com',0,1,'2017-12-12 04:17:50.468657'),(43,'pbkdf2_sha256$36000$PMKQxCr3hl1E$xy7hF3ZSqT49YGP9FWBHGXGsP04JIG/muZKiO1aaX/g=',NULL,0,'zhanghan1989@hotmail.com','ZHANG','HAN','zhanghan1989@hotmail.com',0,1,'2017-12-12 04:17:50.507712'),(44,'pbkdf2_sha256$36000$DpfTJmJwdev4$tKTXkt2SpChD6sjs+y+3g+DwAwqWVfe2+or1sueX+ls=',NULL,0,'liudanni1991@yahoo.com','LIU','DANNI','liudanni1991@yahoo.com',0,1,'2017-12-12 04:17:50.546694'),(45,'pbkdf2_sha256$36000$0iTKMjb4mqFA$tA0TS6dt5mP91vEiRk0cg2CjlUtMu8YamA2QnANDEXk=',NULL,0,'sohjiefeng1991@msn.com','SOH','JIE FENG','sohjiefeng1991@msn.com',0,1,'2017-12-12 04:17:50.586724'),(46,'pbkdf2_sha256$36000$7HNrKb7O0SDp$1ZOfoxIspddJgPZ8751n8U+kRmhWXxoJEB6/lLip1aE=',NULL,0,'tanchenghan1990@msn.com','TAN','CHENG HAN','tanchenghan1990@msn.com',0,1,'2017-12-12 04:17:50.624768'),(47,'pbkdf2_sha256$36000$ePm2QUS51Ry7$4tHNICXZZ3KNDzJ51KfgOwAAEJPobzKUbziA0BCykf8=',NULL,0,'jennyhunt1991@gmail.com','JENNY','HUNT','jennyhunt1991@gmail.com',0,1,'2017-12-12 04:17:50.663778'),(48,'pbkdf2_sha256$36000$s0kilzR7MBrA$BPOt2/lFWMScurC9EhyG2wDJErsgmvYo2lMs0Pu4dfc=',NULL,0,'dingyang1989@gmail.com','DING','YANG','dingyang1989@gmail.com',0,1,'2017-12-12 04:17:50.702809'),(49,'pbkdf2_sha256$36000$1ReprLVx2kDu$E9yw9KRwbvAx1TTJiE7rqavoin7o2JkYNl1QFJ27ny4=',NULL,0,'zhanghong2011@msn.com','ZHANG','HONG','zhanghong2011@msn.com',0,1,'2017-12-12 04:17:50.741851'),(50,'pbkdf2_sha256$36000$KajdooD0S1az$J+BPqYAM1exmRUVHsM02NURAUP9jG+h+TlIdNG5ejqI=',NULL,0,'xuhuajun1990@msn.com','XU','HUAJUN','xuhuajun1990@msn.com',0,1,'2017-12-12 04:17:50.781879'),(51,'pbkdf2_sha256$36000$6yuExPN3kLpW$ZOct9m8zOAUMflj7N6P6aFBEqfglG81x/W946k5mr/U=',NULL,0,'someshaneja2011@yahoo.com','SOMESH','ANEJA','someshaneja2011@yahoo.com',0,1,'2017-12-12 04:17:50.919978'),(52,'pbkdf2_sha256$36000$q8mAmwk7VQNE$iVMKCeqyt3gX729J5KNL2M9E3ldK2pjp3ZqeRlMIo+4=',NULL,0,'seahteckkee1990@gmail.com','SEAH','TECK KEE','seahteckkee1990@gmail.com',0,1,'2017-12-12 04:17:50.964992'),(53,'pbkdf2_sha256$36000$K3Edfst9xeQh$zAKsKmsI1GsW46we7K4WPR1JwuhQVEIiOrAhfGm5Q3Y=',NULL,0,'liuyihui1990@hotmail.com','LIU','YIHUI','liuyihui1990@hotmail.com',0,1,'2017-12-12 04:17:51.005021'),(54,'pbkdf2_sha256$36000$0uNaFcM3VF7i$/riZRcbr3CNwwasQ4Ru/wLg2xrn4IP2sw8lofe7WDng=',NULL,0,'zhuchang2010@gmail.com','ZHU','CHANG','zhuchang2010@gmail.com',0,1,'2017-12-12 04:17:51.043065'),(55,'pbkdf2_sha256$36000$o6sqtWQApCMB$pdnfmRajPMidaIwju0jjy41uzg7hsqrnEFKIIVllM/Y=',NULL,0,'zhengxi1990@yahoo.com','ZHENG','XI','zhengxi1990@yahoo.com',0,1,'2017-12-12 04:17:51.081074'),(56,'pbkdf2_sha256$36000$Vp8cFUa5vgBx$gWa3uZ8j3/Q8K79uuTUPa3N84tA198yRKHkgNb3FEuo=',NULL,0,'yeojiahao1989@yahoo.com','YEO','JIA HAO','yeojiahao1989@yahoo.com',0,1,'2017-12-12 04:17:51.122103'),(57,'pbkdf2_sha256$36000$3bjxUVnMtGEF$oN5q8zOKQYD/aWkaSAis8XOu7/yECIktq9vOpjPJuBM=',NULL,0,'anniechapman1991@yahoo.com','ANNIE','CHAPMAN','anniechapman1991@yahoo.com',0,1,'2017-12-12 04:17:51.163133'),(58,'pbkdf2_sha256$36000$D5oSRiso6ybR$KcjKnkmdpXuQHEa+4m2ueVAWnkfb/FVLwuu1aWMCe0k=',NULL,0,'jerrybrown2010@gmail.com','JERRY','BROWN','jerrybrown2010@gmail.com',0,1,'2017-12-12 04:17:51.202179'),(59,'pbkdf2_sha256$36000$8eFB3jILINCg$zivdE4KMVgp8XEP/cmc6VDX57R/ka+9Cn62JbS2EeEc=',NULL,0,'zhouxialin1990@yahoo.com','ZHOU','XIALIN','zhouxialin1990@yahoo.com',0,1,'2017-12-12 04:17:51.241187'),(60,'pbkdf2_sha256$36000$4kXNNv2DNLrC$w8g8vnSabaq4QRe4z//h9miojiF47X5PiC5UTvwMrAI=',NULL,0,'tanhuilin1989@hotmail.com','TAN','HUI LIN','tanhuilin1989@hotmail.com',0,1,'2017-12-12 04:17:51.282216'),(61,'pbkdf2_sha256$36000$lhlsxAmBNs91$Lk1p9Fr7t2IBxN30CZVV/i4wGshGCy98ytFsEpEvDsI=',NULL,0,'jennybeckham1992@gmail.com','JENNY','BECKHAM','jennybeckham1992@gmail.com',0,1,'2017-12-12 04:17:51.320263'),(62,'pbkdf2_sha256$36000$cBx1BiYQJQCo$JdXEzUxocoYm5Vj8jmWWjkali5fk04JAQ/LowAwC+Ks=',NULL,0,'henryhunt1992@yahoo.com','HENRY','HUNT','henryhunt1992@yahoo.com',0,1,'2017-12-12 04:17:51.360290'),(63,'pbkdf2_sha256$36000$j2WIeTKB7ewV$5P1x6rina6FSczs6/eOCqVzrNm+YiFCruelPRPNzszY=',NULL,0,'liujun1992@msn.com','LIU','JUN','liujun1992@msn.com',0,1,'2017-12-12 04:17:51.398299'),(64,'pbkdf2_sha256$36000$UPYgaN0tETRZ$jwn+vr5zqZZrEdX1V4lHnXlozI0wj+Yu0H45A+QLzlY=',NULL,0,'zhangzhanpeng1992@hotmail.com','ZHANG','ZHANPENG','zhangzhanpeng1992@hotmail.com',0,1,'2017-12-12 04:17:51.437326'),(65,'pbkdf2_sha256$36000$vvt2I54fNUrH$dir5BwdvP1Pb76RNL5CPf5w5JsjFJqLHaXWUbvAnD5c=',NULL,0,'davidchapman1989@msn.com','DAVID','CHAPMAN','davidchapman1989@msn.com',0,1,'2017-12-12 04:17:51.476355'),(66,'pbkdf2_sha256$36000$JDywn6lrUAQL$Pmv6b6y1tjE/59Ez1iyI9FW4P8JVP34nxNofWtNRyeA=',NULL,0,'qinyuwei2011@hotmail.com','QIN','YUWEI','qinyuwei2011@hotmail.com',0,1,'2017-12-12 04:17:51.535397'),(67,'pbkdf2_sha256$36000$LDH0PcI3jSFi$p+kMaIizaQgPsReNyHvztj7spQUXOQHMsZAAFG/COgc=',NULL,0,'dennispalmer1992@yahoo.com','DENNIS','PALMER','dennispalmer1992@yahoo.com',0,1,'2017-12-12 04:17:51.578427'),(68,'pbkdf2_sha256$36000$kNIKNrER82iK$Izw7c7PCHSj0YoTopCPMIjYD/5CQSKydGH1jzbKM71I=',NULL,0,'krupeshandhak1991@yahoo.com','KRUPESH','ANDHAK','krupeshandhak1991@yahoo.com',0,1,'2017-12-12 04:17:51.616454'),(69,'pbkdf2_sha256$36000$sW7rOO2qR4hX$NOA6MjX72YcvckufumCfZKk9EP7hN0zKCSWOGKyT5Yg=',NULL,0,'leeyijia1989@gmail.com','LEE','YI JIA','leeyijia1989@gmail.com',0,1,'2017-12-12 04:17:51.656482'),(70,'pbkdf2_sha256$36000$yRqyEpzv7sKn$ZUKlvT0yt4498jWsYuzay4BXIWWf2Yo7Y983BtejHfI=',NULL,0,'davidhall1992@yahoo.com','DAVID','HALL','davidhall1992@yahoo.com',0,1,'2017-12-12 04:17:51.695510'),(71,'pbkdf2_sha256$36000$awwcNELQWviF$T0BAQpcmr5v024lWusFJ3tq4rL3LOUGejSmBNXlnikc=',NULL,0,'seahwengfai1990@yahoo.com','SEAH','WENG FAI','seahwengfai1990@yahoo.com',0,1,'2017-12-12 04:17:51.753551'),(72,'pbkdf2_sha256$36000$wrs2VeYEnzCU$CmrQa+JzpRsT4bMl/VsIVS0oDXxC8WY8BzpFyuSAxWo=',NULL,0,'shentianyi1991@msn.com','SHEN','TIANYI','shentianyi1991@msn.com',0,1,'2017-12-12 04:17:51.793582'),(73,'pbkdf2_sha256$36000$ei5lG8G3GEyH$Bqt3PZWAgCQawGE2GebOk/AFJkwggeCPQWoYiJL5+Uw=',NULL,0,'wenna1990@msn.com','WEN','NA','wenna1990@msn.com',0,1,'2017-12-12 04:17:51.843615'),(74,'pbkdf2_sha256$36000$Xzu2eVh7NahC$1kAxImZeFi9DzIcZaAEM/+0sq7t1L0/xAIK+9JKojQA=',NULL,0,'liulinxi1991@yahoo.com','LIU','LINXI','liulinxi1991@yahoo.com',0,1,'2017-12-12 04:17:51.884665'),(75,'pbkdf2_sha256$36000$olEl9VHfush8$JIw8b0yOn3kwX2rKICV46rhcM0tiMiaiF9PuX98W2Z0=',NULL,0,'dingweixiang1990@yahoo.com','DING','WEI XIANG','dingweixiang1990@yahoo.com',0,1,'2017-12-12 04:17:51.925673'),(76,'pbkdf2_sha256$36000$0114OZBkaQ3w$McSvYzWdlNyR4PrYDJJjR9RYCtoi4Ulbeu9wiv9a7wY=',NULL,0,'chewsoennam1989@msn.com','CHEW','SOEN NAM','chewsoennam1989@msn.com',0,1,'2017-12-12 04:17:52.041765'),(77,'pbkdf2_sha256$36000$Mzhf6j8T2M0w$tmewDJrC1sqjb/4fNWulUkkGZDqsxCCjHdZgEXyTV3k=',NULL,0,'irisbrown1992@hotmail.com','IRIS','BROWN','irisbrown1992@hotmail.com',0,1,'2017-12-12 04:17:52.079785'),(78,'pbkdf2_sha256$36000$ZIHb4WKKS3iF$cz2h4a6qR9Yr6YUkKNN9aa/tFvQpbZfEfDNMYDfPFZc=',NULL,0,'kenowen2011@yahoo.com','KEN','OWEN','kenowen2011@yahoo.com',0,1,'2017-12-12 04:17:52.120812'),(79,'pbkdf2_sha256$36000$UzGBnKDci9v9$2iIFJGlszgF7nr0x2Iqlti55cn0IxFoN5EedVmOm/R8=',NULL,0,'zhangyuzhao1990@gmail.com','ZHANG','YUZHAO','zhangyuzhao1990@gmail.com',0,1,'2017-12-12 04:17:52.184859'),(80,'pbkdf2_sha256$36000$SilgUhN3fk24$CixgTbjTiT0oYk6Hg8czDKZZ6HZqc7oDLtmcP8444Vk=',NULL,0,'geduo2010@yahoo.com','GE','DUO','geduo2010@yahoo.com',0,1,'2017-12-12 04:17:52.224888'),(81,'pbkdf2_sha256$36000$TTgc7uDMRXGw$5AG7r++wHYvLKBPxh3ldftjNCMLvJR28JBicndLtc8U=',NULL,0,'huangxuanti1992@msn.com','HUANG','XUANTI','huangxuanti1992@msn.com',0,1,'2017-12-12 04:17:52.321980'),(82,'pbkdf2_sha256$36000$glgR1atpCinw$3WqFTYEld4qY45/5VP4fB9fxXUf7kyOni6iYY3ZilhE=',NULL,0,'lisasmith2011@msn.com','LISA','SMITH','lisasmith2011@msn.com',0,1,'2017-12-12 04:17:52.381049'),(83,'pbkdf2_sha256$36000$Q8CWTsykOkXV$ICRCppL8nQpA43xdfHVyxQJoQAD0VnpZVmX/miKW0/k=',NULL,0,'choyjianmin1991@gmail.com','CHOY','JIAN MIN','choyjianmin1991@gmail.com',0,1,'2017-12-12 04:17:52.424028'),(84,'pbkdf2_sha256$36000$1YeKCCpAcPe5$EABDf8leB3jv+tnte2dr8k07EKGpejhgSkpc88zyJoA=',NULL,0,'ngyongming2011@yahoo.com','NG','YONG MING','ngyongming2011@yahoo.com',0,1,'2017-12-12 04:17:52.489076'),(85,'pbkdf2_sha256$36000$YIsVlM4qbFHZ$OJgEO4yhNkDpAK9fC/C2GTgfKp81fKdsaf1EK8ZxqHU=',NULL,0,'zhengnana1991@gmail.com','ZHENG','NANA','zhengnana1991@gmail.com',0,1,'2017-12-12 04:17:52.566131'),(86,'pbkdf2_sha256$36000$K0d33jKIu3gx$a34nj193WwyDyNTgH4AMhn4PD6Pi2IPOCDg/8GXoPfc=',NULL,0,'zhaoyang1989@yahoo.com','ZHAO','YANG','zhaoyang1989@yahoo.com',0,1,'2017-12-12 04:17:52.626171'),(87,'pbkdf2_sha256$36000$Ceh5Xa2GzFA2$Mr6rSokWq1SdoWNKbQXi3liLmS8GiHuQ8TJ1oXxyVYw=',NULL,0,'nehalkanwat1989@gmail.com','NEHAL','KANWAT','nehalkanwat1989@gmail.com',0,1,'2017-12-12 04:17:52.668201'),(88,'pbkdf2_sha256$36000$vJWT6DTzbXGZ$1mnSX6SlNgz4E/yih0RVfb6qPlGxt50WX+ixQRMPFyg=',NULL,0,'ngyanfen2010@msn.com','NG','YAN FEN','ngyanfen2010@msn.com',0,1,'2017-12-12 04:17:52.711232'),(89,'pbkdf2_sha256$36000$35bnbXwLRnfM$S6GGLeVuD3M1AWtDe4OBd2opBzkOm6yOS57Y2s+JzHA=',NULL,0,'angjiayi1990@hotmail.com','ANG','JIA YI','angjiayi1990@hotmail.com',0,1,'2017-12-12 04:17:52.766290'),(90,'pbkdf2_sha256$36000$t4jTYLHJU8mT$HDSmFo8MeJIM1XvLy26L7/ixC0KvAlurU3YXg9fL6fc=',NULL,0,'chnghuiling1992@gmail.com','CHNG','HUI LING','chnghuiling1992@gmail.com',0,1,'2017-12-12 04:17:52.805299'),(91,'pbkdf2_sha256$36000$E12Y49GF1Mpg$2cyYRW7zVxAey3HdkdTbUsg0+RyFVzhNzVbnTw84nnM=',NULL,0,'tanweisheng1989@gmail.com','TAN','WEI SHENG','tanweisheng1989@gmail.com',0,1,'2017-12-12 04:17:52.844355'),(92,'pbkdf2_sha256$36000$17zUPPXrjPtU$7OoWQ/jDaUAIFvmPYAgnqEFF6GZArAlPcKn8H/Q52jQ=',NULL,0,'liewlienler2010@yahoo.com','LIEW','LIEN LER','liewlienler2010@yahoo.com',0,1,'2017-12-12 04:17:52.914375'),(93,'pbkdf2_sha256$36000$4S7ObsLX3jK0$9B9zOJ43FwUyV7DLFCybbgeJrYHQ1nQPbV0XGYq1hTU=',NULL,0,'ngookaiting1991@yahoo.com','NGOO','KAI TING','ngookaiting1991@yahoo.com',0,1,'2017-12-12 04:17:52.953403'),(94,'pbkdf2_sha256$36000$PodlhgtxyZM6$H9RYbGGstbmSk0Ymym8IBP28r3e0uWmC+59EP20jGa0=',NULL,0,'liujun1989@msn.com','LIU','JUN','liujun1989@msn.com',0,1,'2017-12-12 04:17:53.038466'),(95,'pbkdf2_sha256$36000$lxHOYd9sTkbF$avmmyj/Gjjko9nVfBdkAocKtPqiDYh9PIKlbcdzjEPc=',NULL,0,'shenwanting2011@yahoo.com','SHEN','WANTING','shenwanting2011@yahoo.com',0,1,'2017-12-12 04:17:53.153546'),(96,'pbkdf2_sha256$36000$fTzcOXUOBd1E$p3VVPsv1QHAeiDdqfcceB/Rdb2Voor+UiwyoDNZB2lA=',NULL,0,'zhangcong2010@hotmail.com','ZHANG','CONG','zhangcong2010@hotmail.com',0,1,'2017-12-12 04:17:53.192574'),(97,'pbkdf2_sha256$36000$1s8vnXZOyfuH$YyGYpjRPUi4j5yRQNbZR9Y0TYc7M8f7fl5QQHrBVFec=',NULL,0,'subramaniamghantasala2011@msn.com','SUBRAMANIAM','GHANTASALA','subramaniamghantasala2011@msn.com',0,1,'2017-12-12 04:17:53.231620'),(98,'pbkdf2_sha256$36000$P2xUdWTILedf$kbI2VryRybkrtHqWJak4xvS9C3sywELrchnH7Y3F5oM=',NULL,0,'tsohuilin1989@msn.com','TSO','HUI LIN','tsohuilin1989@msn.com',0,1,'2017-12-12 04:17:53.289642'),(99,'pbkdf2_sha256$36000$RBC1G6oRNGl9$1zcdKD9S6EXLzK1RCXKNf6tupVMiJVxqMueN5ff4op4=',NULL,0,'chiaweiguo1990@hotmail.com','CHIA','WEI GUO','chiaweiguo1990@hotmail.com',0,1,'2017-12-12 04:17:53.328688'),(100,'pbkdf2_sha256$36000$OWRXOabdVLwE$oElqdTQd/vGDHGijEoMIE00Pt7PD/T8fcEygR1Qbn1g=',NULL,0,'liuyiyang1992@msn.com','LIU','YIYANG','liuyiyang1992@msn.com',0,1,'2017-12-12 04:17:53.367697'),(101,'pbkdf2_sha256$36000$Jy5cVcdqqeN7$7NhFt/2BM39yEpid2pdR4uvSim/s97fNMPNpE3eym0w=',NULL,0,'liuzhencai1990@msn.com','LIU','ZHENCAI','liuzhencai1990@msn.com',0,1,'2017-12-12 04:17:53.436766'),(102,'pbkdf2_sha256$36000$eg3QRRBSyeih$tyDRYQpenjB4JxQICeVM69AvDB0pLSNHw+qE9YGgMo8=','2017-12-12 07:21:14.021239',0,'ryan','','','',0,1,'2017-12-12 07:20:33.383533');
/*!40000 ALTER TABLE `auth_user` ENABLE KEYS */;
UNLOCK TABLES;

--
-- Table structure for table `auth_user_groups`
--

DROP TABLE IF EXISTS `auth_user_groups`;
/*!40101 SET @saved_cs_client     = @@character_set_client */;
/*!40101 SET character_set_client = utf8 */;
CREATE TABLE `auth_user_groups` (
  `id` int(11) NOT NULL AUTO_INCREMENT,
  `user_id` int(11) NOT NULL,
  `group_id` int(11) NOT NULL,
  PRIMARY KEY (`id`),
  UNIQUE KEY `auth_user_groups_user_id_group_id_94350c0c_uniq` (`user_id`,`group_id`),
  KEY `auth_user_groups_group_id_97559544_fk_auth_group_id` (`group_id`),
  CONSTRAINT `auth_user_groups_group_id_97559544_fk_auth_group_id` FOREIGN KEY (`group_id`) REFERENCES `auth_group` (`id`),
  CONSTRAINT `auth_user_groups_user_id_6a12ed8b_fk_auth_user_id` FOREIGN KEY (`user_id`) REFERENCES `auth_user` (`id`)
) ENGINE=InnoDB DEFAULT CHARSET=utf8;
/*!40101 SET character_set_client = @saved_cs_client */;

--
-- Dumping data for table `auth_user_groups`
--

LOCK TABLES `auth_user_groups` WRITE;
/*!40000 ALTER TABLE `auth_user_groups` DISABLE KEYS */;
/*!40000 ALTER TABLE `auth_user_groups` ENABLE KEYS */;
UNLOCK TABLES;

--
-- Table structure for table `auth_user_user_permissions`
--

DROP TABLE IF EXISTS `auth_user_user_permissions`;
/*!40101 SET @saved_cs_client     = @@character_set_client */;
/*!40101 SET character_set_client = utf8 */;
CREATE TABLE `auth_user_user_permissions` (
  `id` int(11) NOT NULL AUTO_INCREMENT,
  `user_id` int(11) NOT NULL,
  `permission_id` int(11) NOT NULL,
  PRIMARY KEY (`id`),
  UNIQUE KEY `auth_user_user_permissions_user_id_permission_id_14a6b632_uniq` (`user_id`,`permission_id`),
  KEY `auth_user_user_permi_permission_id_1fbb5f2c_fk_auth_perm` (`permission_id`),
  CONSTRAINT `auth_user_user_permi_permission_id_1fbb5f2c_fk_auth_perm` FOREIGN KEY (`permission_id`) REFERENCES `auth_permission` (`id`),
  CONSTRAINT `auth_user_user_permissions_user_id_a95ead1b_fk_auth_user_id` FOREIGN KEY (`user_id`) REFERENCES `auth_user` (`id`)
) ENGINE=InnoDB DEFAULT CHARSET=utf8;
/*!40101 SET character_set_client = @saved_cs_client */;

--
-- Dumping data for table `auth_user_user_permissions`
--

LOCK TABLES `auth_user_user_permissions` WRITE;
/*!40000 ALTER TABLE `auth_user_user_permissions` DISABLE KEYS */;
/*!40000 ALTER TABLE `auth_user_user_permissions` ENABLE KEYS */;
UNLOCK TABLES;

--
-- Table structure for table `django_admin_log`
--

DROP TABLE IF EXISTS `django_admin_log`;
/*!40101 SET @saved_cs_client     = @@character_set_client */;
/*!40101 SET character_set_client = utf8 */;
CREATE TABLE `django_admin_log` (
  `id` int(11) NOT NULL AUTO_INCREMENT,
  `action_time` datetime(6) NOT NULL,
  `object_id` longtext,
  `object_repr` varchar(200) NOT NULL,
  `action_flag` smallint(5) unsigned NOT NULL,
  `change_message` longtext NOT NULL,
  `content_type_id` int(11) DEFAULT NULL,
  `user_id` int(11) NOT NULL,
  PRIMARY KEY (`id`),
  KEY `django_admin_log_content_type_id_c4bce8eb_fk_django_co` (`content_type_id`),
  KEY `django_admin_log_user_id_c564eba6_fk_auth_user_id` (`user_id`),
  CONSTRAINT `django_admin_log_content_type_id_c4bce8eb_fk_django_co` FOREIGN KEY (`content_type_id`) REFERENCES `django_content_type` (`id`),
  CONSTRAINT `django_admin_log_user_id_c564eba6_fk_auth_user_id` FOREIGN KEY (`user_id`) REFERENCES `auth_user` (`id`)
) ENGINE=InnoDB AUTO_INCREMENT=3 DEFAULT CHARSET=utf8;
/*!40101 SET character_set_client = @saved_cs_client */;

--
-- Dumping data for table `django_admin_log`
--

LOCK TABLES `django_admin_log` WRITE;
/*!40000 ALTER TABLE `django_admin_log` DISABLE KEYS */;
INSERT INTO `django_admin_log` VALUES (1,'2017-12-09 08:51:15.833911','2','user1',3,'',4,1),(2,'2017-12-09 09:27:56.951018','3','xiexin2011@gmail.com',3,'',4,1);
/*!40000 ALTER TABLE `django_admin_log` ENABLE KEYS */;
UNLOCK TABLES;

--
-- Table structure for table `django_content_type`
--

DROP TABLE IF EXISTS `django_content_type`;
/*!40101 SET @saved_cs_client     = @@character_set_client */;
/*!40101 SET character_set_client = utf8 */;
CREATE TABLE `django_content_type` (
  `id` int(11) NOT NULL AUTO_INCREMENT,
  `app_label` varchar(100) NOT NULL,
  `model` varchar(100) NOT NULL,
  PRIMARY KEY (`id`),
  UNIQUE KEY `django_content_type_app_label_model_76bd3d3b_uniq` (`app_label`,`model`)
) ENGINE=InnoDB AUTO_INCREMENT=7 DEFAULT CHARSET=utf8;
/*!40101 SET character_set_client = @saved_cs_client */;

--
-- Dumping data for table `django_content_type`
--

LOCK TABLES `django_content_type` WRITE;
/*!40000 ALTER TABLE `django_content_type` DISABLE KEYS */;
INSERT INTO `django_content_type` VALUES (1,'admin','logentry'),(2,'auth','group'),(3,'auth','permission'),(4,'auth','user'),(5,'contenttypes','contenttype'),(6,'sessions','session');
/*!40000 ALTER TABLE `django_content_type` ENABLE KEYS */;
UNLOCK TABLES;

--
-- Table structure for table `django_migrations`
--

DROP TABLE IF EXISTS `django_migrations`;
/*!40101 SET @saved_cs_client     = @@character_set_client */;
/*!40101 SET character_set_client = utf8 */;
CREATE TABLE `django_migrations` (
  `id` int(11) NOT NULL AUTO_INCREMENT,
  `app` varchar(255) NOT NULL,
  `name` varchar(255) NOT NULL,
  `applied` datetime(6) NOT NULL,
  PRIMARY KEY (`id`)
) ENGINE=InnoDB AUTO_INCREMENT=14 DEFAULT CHARSET=utf8;
/*!40101 SET character_set_client = @saved_cs_client */;

--
-- Dumping data for table `django_migrations`
--

LOCK TABLES `django_migrations` WRITE;
/*!40000 ALTER TABLE `django_migrations` DISABLE KEYS */;
INSERT INTO `django_migrations` VALUES (1,'contenttypes','0001_initial','2017-12-07 15:25:41.692734'),(2,'auth','0001_initial','2017-12-07 15:25:48.058064'),(3,'admin','0001_initial','2017-12-07 15:25:49.461893'),(4,'admin','0002_logentry_remove_auto_add','2017-12-07 15:25:49.581525'),(5,'contenttypes','0002_remove_content_type_name','2017-12-07 15:25:50.471234'),(6,'auth','0002_alter_permission_name_max_length','2017-12-07 15:25:51.117899'),(7,'auth','0003_alter_user_email_max_length','2017-12-07 15:25:51.715386'),(8,'auth','0004_alter_user_username_opts','2017-12-07 15:25:51.759692'),(9,'auth','0005_alter_user_last_login_null','2017-12-07 15:25:52.210914'),(10,'auth','0006_require_contenttypes_0002','2017-12-07 15:25:52.236257'),(11,'auth','0007_alter_validators_add_error_messages','2017-12-07 15:25:52.274651'),(12,'auth','0008_alter_user_username_max_length','2017-12-07 15:25:52.934074'),(13,'sessions','0001_initial','2017-12-07 15:25:53.345999');
/*!40000 ALTER TABLE `django_migrations` ENABLE KEYS */;
UNLOCK TABLES;

--
-- Table structure for table `django_session`
--

DROP TABLE IF EXISTS `django_session`;
/*!40101 SET @saved_cs_client     = @@character_set_client */;
/*!40101 SET character_set_client = utf8 */;
CREATE TABLE `django_session` (
  `session_key` varchar(40) NOT NULL,
  `session_data` longtext NOT NULL,
  `expire_date` datetime(6) NOT NULL,
  PRIMARY KEY (`session_key`),
  KEY `django_session_expire_date_a5c62663` (`expire_date`)
) ENGINE=InnoDB DEFAULT CHARSET=utf8;
/*!40101 SET character_set_client = @saved_cs_client */;

--
-- Dumping data for table `django_session`
--

LOCK TABLES `django_session` WRITE;
/*!40000 ALTER TABLE `django_session` DISABLE KEYS */;
INSERT INTO `django_session` VALUES ('i58lx6ixysnk6a7m57adsflsplo78iln','NTE3ODBkMmFhYjQ0NjA0ZTBiNjRlMGY5NDE5ZWFhYjgzY2IxMTAyYzp7Il9hdXRoX3VzZXJfYmFja2VuZCI6ImRqYW5nby5jb250cmliLmF1dGguYmFja2VuZHMuTW9kZWxCYWNrZW5kIiwiX2F1dGhfdXNlcl9oYXNoIjoiMDM4NWE5ZWI1OGI4MjdiZDhkM2UxZjY4OGQ4Y2U5NDIwOWM1NjBlNSIsIl9hdXRoX3VzZXJfaWQiOiIxIn0=','2017-12-26 07:27:36.760720'),('nbez4r9phxnj1ctgz20ffs0uma8s0nke','OWVjMGQwZmUwZDljMmJhNDJmZGUwMmRhNDEzYmJjNzYxOGU3MmIyZDp7Il9hdXRoX3VzZXJfaGFzaCI6ImFjNjk2YmFhYWQzYjRmNzUzMWFmZjMzM2E2YThlN2Y2ZWQwZWRkMTgiLCJfYXV0aF91c2VyX2lkIjoiNSIsIl9hdXRoX3VzZXJfYmFja2VuZCI6ImRqYW5nby5jb250cmliLmF1dGguYmFja2VuZHMuTW9kZWxCYWNrZW5kIn0=','2017-12-23 20:36:42.280686'),('onlfwjihfqy7kvvrupb6d3y09wytl2ct','MmMxZDFkMGM0ZjJkNTU2NGI4ZTYzNTRjNDUxNGJhMTkwNmM1MGQ4ZDp7Il9hdXRoX3VzZXJfaGFzaCI6IjAzODVhOWViNThiODI3YmQ4ZDNlMWY2ODhkOGNlOTQyMDljNTYwZTUiLCJfYXV0aF91c2VyX2JhY2tlbmQiOiJkamFuZ28uY29udHJpYi5hdXRoLmJhY2tlbmRzLk1vZGVsQmFja2VuZCIsIl9hdXRoX3VzZXJfaWQiOiIxIn0=','2017-12-29 15:23:09.452871');
/*!40000 ALTER TABLE `django_session` ENABLE KEYS */;
UNLOCK TABLES;

--
-- Table structure for table `myapp_book`
--

DROP TABLE IF EXISTS `myapp_book`;
/*!40101 SET @saved_cs_client     = @@character_set_client */;
/*!40101 SET character_set_client = utf8 */;
CREATE TABLE `myapp_book` (
  `title` varchar(256) NOT NULL,
  `format` char(9) DEFAULT NULL,
  `pages` int(11) DEFAULT NULL,
  `language` varchar(32) DEFAULT NULL,
  `authors` varchar(256) NOT NULL,
  `publisher` varchar(64) NOT NULL,
  `bookSubject` varchar(64) DEFAULT NULL,
  `year` char(4) NOT NULL,
  `ISBN10` char(10) NOT NULL,
  `ISBN13` char(14) NOT NULL,
  `numberOfCopies` int(11) DEFAULT NULL,
  PRIMARY KEY (`ISBN13`),
  UNIQUE KEY `ISBN10` (`ISBN10`)
) ENGINE=InnoDB DEFAULT CHARSET=utf8;
/*!40101 SET character_set_client = @saved_cs_client */;

--
-- Dumping data for table `myapp_book`
--

LOCK TABLES `myapp_book` WRITE;
/*!40000 ALTER TABLE `myapp_book` DISABLE KEYS */;
INSERT INTO `myapp_book` VALUES ('A Beginner s Guide to Constructing the Universe: The Mathematical Archetypes of Nature, Art, and Science','hardcover',224,'English','Michael S. Schneider','Harpercollins','Biology','1994','60169397','978-0060169398',37),('Krakatoa: The Day the World Exploded: August 27, 1883','paperback',464,'English','Simon Winchester','Harper Perennial','Applied Mathematics','2005','60838590','978-0060838591',1),('Schaum s Outline of Calculus, 5th ed. (Schaum s Outline Series)','paperback',552,'English','Frank Ayres, Elliott Mendelson','McGraw-Hill','Science','2008','71508619','978-0071508612',25),('CISSP All-in-One Exam Guide, Fifth Edition','hardcover',1216,'English','Shon Harris','McGraw-Hill Osborne Media','Systems','2010','71602178','978-0071602174',0),('Schaum s Outline of Chinese Grammar (Schaum s Outline Series)','paperback',288,'English','Claudia Ross','McGraw-Hill','Literature','2009','71635262','978-0071635264',1),('Practice Makes Perfect Spanish Verb Tenses, Second Edition (Practice Makes Perfect Series)','paperback',352,'English','Dorothy Richmond','McGraw-Hill','Statistics','2010','71639306','978-0071639309',4),('CompTIA A+ Certification All-in-One Exam Guide, Seventh Edition (Exams 220-701 & 220-702)','hardcover',1376,'English','Michael Meyers','McGraw-Hill Osborne Media','Systems','2010','71701338','978-0071701334',9),('Applied Numerical Methods with MATLAB for Engineers and Scientists','hardcover',400,'English','Steven C. Chapra','McGraw-Hill Science/Engineering/Math','Database','2004','72392657','978-0072392654',1),('Introduction to Environmental Engineering','hardcover',1024,'English','Mackenzie Davis, David Cornwell','McGraw-Hill Science/Engineering/Math','Mathematics','2006','72424117','978-0072424119',35),('Database Management Systems','hardcover',1104,'English','Raghu Ramakrishnan, Johannes Gehrke','McGraw-Hill Science/Engineering/Math','Systems','2002','72465638','978-0072465631',47),('Introduction to Computing Systems: From bits & gates to C & beyond','hardcover',656,'English','Yale Patt, Sanjay Patel','McGraw-Hill Science/Engineering/Math','Science','2003','72467509','978-0072467505',39),('Product Design and Development','hardcover',384,'English','Karl Ulrich, Steven Eppinger','McGraw-Hill/Irwin','Probability','2003','72471468','978-0072471465',12),('Fundamentals of Electric Circuits with CD-ROM','hardcover',960,'English','Charles K. Alexander, Matthew Sadiku','McGraw-Hill Science/Engineering/Math','Mathematics','2003','007249350X','978-0072493504',31),('Beginning and Intermediate Algebra','hardcover',1136,'English','Julie Miller','McGraw-Hill Science/Engineering/Math','Economics','2004','72965339','978-0072965339',9),('Basic Biomechanics','paperback',576,'English','Susan Hall','McGraw-Hill Humanities/Social Sciences/Languages','Literature','2006','73044814','978-0073044811',39),('Introduction to Chemical Engineering Thermodynamics (The Mcgraw-Hill Chemical Engineering Series)','hardcover',840,'English','J.M. Smith, Hendrick Van Ness, Michael Abbott','McGraw-Hill Science/Engineering/Math','Mathematics','2004','73104450','978-0073104454',6),('Macroeconomics (McGraw-Hill Economics)','paperback',512,'English','Campbell McConnell, Stanley Brue, Sean Flynn','McGraw-Hill/Irwin','Economics','2008','73365947','978-0073365947',29),('Statistics for Engineers and Scientists','hardcover',928,'English','William Navidi','McGraw-Hill Science/Engineering/Math','Probability','2010','73376337','978-0073376332',38),('Selling: Building Partnerships','hardcover',552,'English','Barton Weitz, Stephen Castleberry, John Tanner','McGraw-Hill/Irwin','Systems','2008','007338108X','978-0073381084',32),('Numerical Methods for Engineers, Sixth Edition','hardcover',960,'English','Steven Chapra, Raymond Canale','McGraw-Hill Science/Engineering/Math','Economics','2009','73401064','978-0073401065',45),('Aproximaciones al estudio de la literatura hispanica, sexta edicion (Spanish Edition)','paperback',468,'Spanish','Carmelo Virgillo, Edward Friedman, Teresa Valdivieso','McGraw-Hill Humanities/Social Sciences/Languages','Statistics','2007','73513156','978-0073513157',47),('Student Atlas of World Geography','paperback',336,'English','John Allen','McGraw-Hill/Dushkin','Mathematics','2009','73527602','978-0073527604',27),('Shigley s Mechanical Engineering Design (Mcgraw-Hill Series in Mechanical Engineering)','hardcover',1104,'English','Richard Budynas, Keith Nisbett','McGraw-Hill Science/Engineering/Math','Science','2010','73529281','978-0073529288',9),('Mechanics of Materials','hardcover',790,'English','Ferdinand P. Beer, E. Russell Johnston, John T. Dewolf, David F. Mazurek','McGraw-Hill Higher Education','Physics','2009','73529389','978-0073529387',2),('Puntos de partida: An Invitation to Spanish (Student Edition)','hardcover',688,'English','Marty Knorre, Thalia Dorwick, Ana Maria Perez Girones, William R. Glass, Hildebrando Villarreal','McGraw-Hill Humanities/Social Sciences/Languages','Digital world','2008','73534420','978-0073534428',4),('Chemistry: The Molecular Nature of Matter and Change','hardcover',1232,'English','Martin Silberberg','McGraw-Hill Science/Engineering/Math','English','2008','77216504','978-0077216504',43),('Plants and Society','paperback',544,'English','Estelle Levetin, Karen McMahon','McGraw-Hill Science/Engineering/Math','Database','2007','77221257','978-0077221256',3),('Mechanics of Materials','hardcover',816,'English','Ferdinand Beer, Jr., E. Russell Johnston, John DeWolf, David Mazurek','McGraw-Hill Science/Engineering/Math','Science','2008','77221400','978-0077221409',3),('Fluid Mechanics with Student Resources DVD','hardcover',992,'English','Yunus Cengel, John Cimbala','McGraw-Hill Science/Engineering/Math','Database','2009','77295463','978-0077295462',29),('Thermodynamics: An Engineering Approach with Student Resources DVD','hardcover',1024,'English','Yunus Cengel, Michael Boles','McGraw-Hill Science/Engineering/Math','Economics','2010','77366743','978-0077366742',47),('Nuclear Energy in the 21st Century: World Nuclear University Press','paperback',168,'English','Ian Hore-Lacy','Academic Press','Statistics','2006','123736226','978-0123736222',10),('Computer Organization and Design, Fourth Edition: The Hardware/Software Interface (The Morgan Kaufmann Series in Computer Architecture and Design)','paperback',912,'English','David A. Patterson, John L. Hennessy','Morgan Kaufmann','Science','2008','123744938','978-0123744937',5),('Elements of Chemical Reaction Engineering (4th Edition)','hardcover',1080,'English','H. Scott Fogler','Prentice Hall','Biology','2005','130473944','978-0130473943',9),('Principles of Microeconomics and ActiveEcon CD Package (6th Edition)','paperback',451,'English','Karl E. Case, Ray C. Fair','Pearson Education','Probability','2002','130746436','978-0130746436',44),('Separation Process Engineering (2nd Edition)','hardcover',704,'English','Phillip C. Wankat','Prentice Hall','Systems','2006','130847895','978-0130847898',41),('Algebra and Trigonometry Enhanced With Graphing Utilities','paperback',673,'English','Michael, III Sullivan','Prentice Hall College Div','Digital world','1999','130853127','978-0130853127',3),('Biological Science: Plant/Animal (Volume 3)','paperback',324,'English','Scott Freeman','Prentice Hall ','History','2002','130933155','978-0130933157',1),('Practical Guide to Linux Commands, Editors, and Shell Programming, A (2nd Edition)','paperback',1080,'English','Mark G. Sobell','Prentice Hall','Physics','2009','131367366','978-0131367364',1),('Electric Circuits','hardcover',992,'English','James W. Nilsson, Susan Riedel','Prentice Hall','Digital world','2004','131465929','978-0131465923',24),('Electrical Engineering: Principles & Applications ','hardcover',896,'English','Allan R. Hambley','Prentice Hall','Statistics','2004','131470469','978-0131470460',7),('UNIX and Linux System Administration Handbook (4th Edition)','paperback',1344,'English','Evi Nemeth, Garth Snyder, Trent R. Hein, Ben Whaley','Prentice Hall','Probability','2010','131480057','978-0131480056',29),('Selling Today (11th Edition)','hardcover',544,'English','Gerald L Manning, Barry L Reece, Michael Ahearne','Prentice Hall','Digital world','2009','013207995X','978-0132079952',8),('Fundamentals of Applied Electromagnetics','hardcover',528,'English','Fawwaz T. Ulaby, Eric Michielssen, Umberto Ravaioli','Prentice Hall','Chemistry','2010','132139316','978-0132139311',43),('Reinforced Concrete: Mechanics and Design (5th Edition)','hardcover',1126,'English','James K. Wight, James G. MacGregor','Prentice Hall','Systems','2008','132281414','978-0132281416',2),('Understanding and Using English Grammar (with Answer Key and Audio CDs) (4th Edition)','paperback',530,'English','Betty Schrampfer Azar, Stacy A. Hagen','Pearson Longman','English','2009','132333317','978-0132333313',44),('The Cultural Landscape: An Introduction to Human Geography (9th Edition)','hardcover',576,'English','James M. Rubenstein','Prentice Hall','Chemistry','2007','013243573X','978-0132435734',39),('Chemistry: The Central Science (11th Edition)','hardcover',1232,'English','Theodore E. Brown, H. Eugene H LeMay, Bruce E. Bursten, Catherine Murphy, Patrick Woodward','Prentice Hall','Probability','2008','136006175','978-0136006176',32),('Feedback Control of Dynamic Systems','hardcover',840,'English','Gene F. Franklin, J. David Powell, Abbas Emami-Naeini','Prentice Hall','Mathematics','2009','136019692','978-0136019695',14),('Chemistry: An Introduction to General, Organic, & Biological Chemistry (10th Edition)','hardcover',744,'English','Karen C. Timberlake','Prentice Hall','Chemistry','2008','136019706','978-0136019701',47),('Macroeconomics (3rd Edition)','paperback',720,'English','Glenn Hubbard, Anthony P. O Brien','Prentice Hall','Science','2009','136021824','978-0136021827',4),('Principles of Macroeconomics (9th Edition)','paperback',472,'English','Karl E. Case, Ray C. Fair, Sharon Oster','Prentice Hall','History','2008','136058965','978-0136058960',41),('Engineering Mechanics: Dynamics (12th Edition)','hardcover',752,'English','Russell C. Hibbeler','Prentice Hall','Chemistry','2009','136077919','978-0136077916',45),('Computer Networking: A Top-Down Approach (5th Edition)','hardcover',864,'English','James F. Kurose, Keith W. Ross','Addison Wesley','Probability','2009','136079679','978-0136079675',10),('Fundamentals of Database Systems (6th Edition) (Alternative eText Formats)','hardcover',1200,'English','Ramez Elmasri, Shamkant Navathe','Addison Wesley','Applied Mathematics','2010','136086209','978-0136086208',22),('Statics Study Pack for Engineering Mechanics','paperback',168,'English','Russell C. Hibbeler','Prentice Hall','English','2009','136091830','978-0136091837',7),('Materials for Civil and Construction Engineers (3rd Edition) (Alternative eText Formats)','hardcover',600,'English','Michael S. Mamlouk, John P. Zaniewski','Prentice Hall','Biology','2010','136110584','978-0136110583',33),('Curious Folks Ask: 162 Real Answers on Amazing Inventions, Fascinating Products, and Medical Mysteries','paperback',224,'English','Sherry Seethaler','FT Press','Economics','2010','137057385','978-0137057382',25),('Common Sense (Penguin Classics)','paperback',128,'English','Thomas Paine','Penguin Classics ','Statistics','1982','140390162','978-0140390162',17),('On the Origin of Species (Penguin Classics)','paperback',480,'English','Charles Darwin','Penguin Classics ','English','2009','140439129','978-0140439120',2),('The Theory of Moral Sentiments (Penguin Classics)','paperback',528,'English','Adam Smith','Penguin Classics','Statistics','2010','143105922','978-0143105923',40),('Do Androids Dream of Electric Sheep?: 1800 Headwords (Oxford Bookworms Library)','paperback',128,'English','Philip K. Dick','Oxford University Press ','Chemistry','2007','194792226','978-0194792226',40),('Microelectronic Circuits (Holt Rinehart and Winston Series in Electrical Engineering)','hardcover',1144,'English','Adel S. Sedra, Kenneth C. Smith','Oxford University Press, USA','Digital world','1995','019510370X','978-0195103700',12),('Microelectronic Circuits: includes CD-ROM (The Oxford Series in Electrical and Computer Engineering)','hardcover',1392,'English','Adel S. Sedra, Kenneth C. Smith','Oxford University Press, USA','Database','2003','195142519','978-0195142518',18),('The New Testament: A Historical Introduction to the Early Christian Writings','paperback',560,'English','Bart D. Ehrman','Oxford University Press, USA','Digital world','2003','195154622','978-0195154627',29),('Writing History: A Guide for Students','paperback',128,'English','William Kelleher Storey','Oxford University Press, USA','Statistics','2003','195166094','978-0195166095',36),('The Modern Middle East: A History','hardcover',368,'English','James L. Gelvin','Oxford University Press, USA ','Mathematics','2004','195167880','978-0195167887',40),('Engineering Economic Analysis','hardcover',624,'English','Donald G. Newnan, Ted G. Eschenbach, Jerome P. Lavelle','Oxford University Press, USA','Digital world','2004','195168070','978-0195168075',40),('Reporting for the Media','paperback',704,'English','Fred Fedler, John R. Bender, Lucinda Davenport, Michael W. Drager','Oxford University Press, USA','Chemistry','2004','195169999','978-0195169997',32),('Understanding Human Communication','paperback',544,'English','Ronald B. Adler, George Rodman','Oxford University Press, USA','Literature','2002','195219104','978-0195219104',15),('Fundamentals of Solar Energy Conversion (Addison-Wesley series in mechanics and thermodynamics)','hardcover',636,'English','Elmer E. Anderson','Addison Wesley Longman Publishing Co ','Biology','1982','201000083','978-0201000085',25),('Student Study Guide Part 1 for Calculus','paperback',250,'English','George B. Thomas','Addison Wesley','English','1995','020153181X','978-0201531817',16),('Introduction to Nuclear Engineering (3rd Edition)','hardcover',783,'English','John R. Lamarsh, Anthony J. Baratta','Prentice Hall','Science','2001','201824981','978-0201824988',15),('The Mythical Man-Month: Essays on Software Engineering, Anniversary Edition (2nd Edition)','paperback',336,'English','Frederick P. Brooks','Addison-Wesley Professional','Systems','1995','201835959','978-0201835953',2),('Mechanics of Materials','paperback',627,'English','Anthony M. Bedford, Kenneth M. Liechti','Prentice Hall ','Mathematics','2000','201895528','978-0201895520',42),('Using SPSS for Windows and Macintosh: Analyzing and Understanding Data (6th Edition)','paperback',480,'English','Samuel B. Green, Neil J. Salkind','Prentice Hall','History','2010','205020402','978-0205020409',45),('Reading, Writing and Learning in ESL: A Resource Book for K-12 Teachers ','paperback',464,'English','Suzanne F. Peregoy, Owen F. Boyle','Allyn & Bacon','Physics','2004','205410340','978-0205410347',35),('Capitalism and Freedom: Fortieth Anniversary Edition','paperback',230,'English','Milton Friedman','University Of Chicago Press','English','2002','226264211','978-0226264219',9),('Introduction to Algorithms, Third Edition','hardcover',1312,'English','Thomas H. Cormen, Charles E. Leiserson, Ronald L. Rivest, Clifford Stein','The MIT Press','English','2009','262033844','978-0262033848',33),('The Future of Learning Institutions in a Digital Age (John D. and Catherine T. MacArthur Foundation Reports on Digital Media and Learning)','paperback',81,'English','Cathy N. Davidson, David Theo Goldberg','The MIT Press ','Systems','2009','262513595','978-0262513593',19),('The Hidden Reality: Parallel Universes and the Deep Laws of the Cosmos','hardcover',384,'English','Brian Greene','Knopf ','Mathematics','2011','307265633','978-0307265630',15),('Physics of the Impossible: A Scientific Exploration into the World of Phasers, Force Fields, Teleportation, and Time Travel','paperback',352,'English','Michio Kaku','Anchor','English','2009','307278824','978-0307278821',33),('Lost to the West: The Forgotten Byzantine Empire That Rescued Western Civilization','hardcover',352,'English','Lars Brownworth','Crown','History','2009','307407950','978-0307407955',30),('Strangers from a Different Shore: A History of Asian Americans, Updated and Revised Edition','paperback',640,'English','Ronald Takaki','Little, Brown and Company','Statistics','1998','316831301','978-0316831307',7),('Algorithm Design','hardcover',864,'English','Jon Kleinberg, Eva Tardos','Addison Wesley','Literature','2005','321295358','978-0321295354',7),('Dont Make Me Think: A Common Sense Approach to Web Usability, 2nd Edition','paperback',216,'English','Steve Krug','New Riders Press','Economics','2005','321344758','978-0321344755',43),('Introduction to the Design and Analysis of Algorithms (2nd Edition)','paperback',592,'English','Anany V. Levitin','Addison Wesley','History','2006','321358287','978-0321358288',7),('Data Structures and Algorithm Analysis in Java (2nd Edition)','hardcover',576,'English','Mark A. Weiss','Addison Wesley','Mathematics','2006','321370139','978-0321370136',39),('Data Structures and Algorithm Analysis in C++ (3rd Edition)','hardcover',586,'English','Mark A. Weiss','Addison Wesley','English','2006','032144146X','978-0321441461',17),('The Digital Photography Book','paperback',219,'English','Scott Kelby','Peachpit Press','Database','2006','032147404X','978-0321474049',95),('Physics for Scientists and Engineers: A Strategic Approach, Vol 5 (Chs 37-43) with MasteringPhysics (2nd Edition) (v. 5, Chapters 37-43)','paperback',80,'English','Randall D. Knight','Addison Wesley','Probability','2007','321516664','978-0321516664',6),('Biology with MasteringBiology (8th Edition)','hardcover',1393,'English','Neil A. Campbell, Jane B. Reece','Benjamin Cummings','Economics','2007','321543254','978-0321543257',3),('Conceptual Physics (11th Edition)','hardcover',816,'English','Paul G. Hewitt','Addison Wesley','Mathematics','2009','321568095','978-0321568090',41),('Succeeding with Agile: Software Development Using Scrum','paperback',504,'English','Mike Cohn','Addison-Wesley Professional','Database','2009','321579364','978-0321579362',42),('Places and Regions in Global Context: Human Geography (5th Edition)','paperback',544,'English','Paul L. Knox, Sallie A. Marston','Prentice Hall','Physics','2009','321580028','978-0321580023',2),('Microbiology: An Introduction, Books a la Carte Edition (10th Edition)','paperback',960,'English','Gerard J. Tortora, Berdell R. Funke, Christine L. Case','Benjamin Cummings','Systems','2009','321582039','978-0321582034',42),('Contemporary Human Geography','paperback',384,'English','James M. Rubenstein','Prentice Hall','Database','2009','321590031','978-0321590039',1),('Globalization and Diversity: Geography of a Changing World (3rd Edition)','paperback',480,'English','Lester Rowntree, Martin Lewis, Marie Price, William Wyckoff','Prentice Hall','Chemistry','2010','321651529','978-0321651525',25),('Study Guide for Chemistry: A Molecular Approach','paperback',352,'English','Nivaldo J. Tro, Jennifer J. Shanoski','Prentice Hall','Digital world','2010','321667883','978-0321667885',6),('The Cultural Landscape: An Introduction to Human Geography (10th Edition)','hardcover',528,'English','James M. Rubenstein','Prentice Hall','Mathematics','2010','321677358','978-0321677358',2),('Calculus and Its Applications (10th Edition)','hardcover',696,'English','Marvin L. Bittinger, David J. Ellenbogen, Scott Surgent','Addison Wesley','Database','2011','321694333','978-0321694331',4),('Introductory Chemistry Essentials (4th Edition)','hardcover',736,'English','Nivaldo J. Tro','Prentice Hall','Applied Mathematics','2011','321725999','978-0321725998',27),('Principles of Macroeconomics','paperback',584,'English','N. Gregory Mankiw','South-Western College Pub','Statistics','2008','324589999','978-0324589993',37),('Brief Principles of Macroeconomics','paperback',468,'English','N. Gregory Mankiw','South-Western College Pub','Probability','2008','324590377','978-0324590371',42),('The Control of Nature','hardcover',272,'English','John McPhee','Farrar, Straus and Giroux','English','1989','374128901','978-0374128906',15),('Cracking the AP Calculus AB & BC Exams, 2011 Edition (College Test Preparation)','paperback',896,'English','Princeton Review','Princeton Review ','Probability','2010','375429883','978-0375429880',44),('When Genius Failed: The Rise and Fall of Long-Term Capital Management','paperback',288,'English','Roger Lowenstein','Random House Trade Paperbacks ','Literature','2001','375758259','978-0375758256',31),('Nuclear Energy: Principles, Practices, and Prospects','hardcover',693,'English','David Bodansky','Springer','Science','2004','387207783','978-0387207780',3),('Radiation Protection and Dosimetry: An Introduction to Health Physics','hardcover',384,'English','Michael G. Stabin','Springer','Biology','2007','387499822','978-0387499826',7),('Naked Economics: Undressing the Dismal Science','hardcover',288,'English','Charles Wheelan','W. W. Norton & Company','Physics','2002','393049825','978-0393049824',20),('Stiff: The Curious Lives of Human Cadavers','hardcover',303,'English','Mary Roach','W. W. Norton & Company','Mathematics','2003','393050939','978-0393050936',3),('The Elegant Universe: Superstrings, Hidden Dimensions, and the Quest for the Ultimate Theory','hardcover',464,'English','Brian Greene','W. W. Norton & Company ','Statistics','2003','393058581','978-0393058581',47),('The Shallows: What the Internet Is Doing to Our Brains','hardcover',276,'English','Nicholas Carr','W. W. Norton & Company ','Physics','2010','393072223','978-0393072228',21),('Guns, Germs, and Steel: The Fates of Human Societies','paperback',496,'English','Jared M. Diamond','W. W. Norton & Company','Mathematics','1999','393317552','978-0393317558',29),('Naked Economics: Undressing the Dismal Science','paperback',260,'English','Charles Wheelan','W. W. Norton & Company ','Biology','2003','393324869','978-0393324860',10),('The Communist Manifesto (Norton Critical Editions)','paperback',224,'English','Karl Marx','W. W. Norton & Company','Economics','1988','393956164','978-0393956160',45),('Geometry: Solution Key','paperback',422,'English','Ray C. Jurgensen, Richard G. Brown, John W. Jurgensen','Houghton Mifflin ','Systems','1994','395677661','978-0395677667',27),('The Tainted Desert: Environmental and Social Ruin in the American West','paperback',368,'English','Valerie L. Kuletz','Routledge','Literature','1998','415917719','978-0415917711',2),('The New Strategic Selling: The Unique Sales System Proven Successful by the World s Best Companies','paperback',448,'English','Stephen E. Heiman, Tad Tuleja','Business Plus','History','2005','044669519X','978-0446695190',24),('The Shape of Inner Space: String Theory and the Geometry of the Universe s Hidden Dimensions','hardcover',400,'English','Shing-Tung Yau, Steve Nadis','Basic Books ','Mathematics','2010','465020232','978-0465020232',4),('Applied Statistics and Probability for Engineers','hardcover',784,'English','Douglas C. Montgomery, George C. Runger','Wiley','Mathematics','2010','470053046','978-0470053041',9),('Calculus: Single Variable','paperback',736,'English','Deborah Hughes-Hallett, Andrew M. Gleason, William G. McCallum, David O. Lomen, David Lovelock, Jeff Tecosky-Feldman, Thomas W. Tucker, Daniel E. Flath, Joseph Thrash, Karen R. Rhea, Andrew Pasquale, Sheldon P. Gordon, Douglas Quinney, Patti Frazer Lock','Wiley','Literature','2008','470089156','978-0470089156',17),('CCNA: Cisco Certified Network Associate Study Guide: Exam 640-802','paperback',1008,'English','Todd Lammle','Sybex','Database','2007','470110082','978-0470110089',28),('Transport Phenomena, Revised 2nd Edition','hardcover',905,'English','R. Byron Bird, Warren E. Stewart, Edwin N. Lightfoot','John Wiley & Sons, Inc.','Digital world','2006','470115394','978-0470115398',6),('Process Dynamics and Control','hardcover',514,'English','Dale E. Seborg, Duncan A. Mellichamp, Thomas F. Edgar, Francis J. Doyle III','Wiley','Digital world','2010','470128674','978-0470128671',40),('Fundamentals of Momentum, Heat and Mass Transfer','hardcover',740,'English','James Welty, Charles E. Wicks, Gregory L. Rorrer, Robert E. Wilson','Wiley','Systems','2007','470128682','978-0470128688',15),('Operating System Concepts','hardcover',992,'English','Abraham Silberschatz, Peter B. Galvin, Greg Gagne','Wiley','Applied Mathematics','2008','470128720','978-0470128725',5),('Organic Chemistry I as a Second Language: Translating the Basic Concepts','paperback',336,'English','David M. Klein','Wiley','History','2007','470129298','978-0470129296',30),('Design and Analysis of Experiments: MINITAB Companion','paperback',114,'English','Douglas C. Montgomery, Scott M. Kowalski','Wiley','Applied Mathematics','2010','470169907','978-0470169902',33),('Introduction to Statistical Quality Control','hardcover',734,'English','Douglas C. Montgomery','Wiley','English','2008','470169923','978-0470169926',31),('Applied Calculus','paperback',560,'English','Deborah Hughes-Hallett, Patti Frazer Lock, Andrew M. Gleason, Daniel E. Flath, Sheldon P. Gordon, David O. Lomen, David Lovelock, William G. McCallum, Brad G. Osgood, Andrew Pasquale, Jeff Tecosky-Feldman, Joseph Thrash, Karen R. Rhea, Thomas W. Tucker','Wiley','Economics','2009','470170522','978-0470170526',19),('Project Management: A Systems Approach to Planning, Scheduling, and Controlling','hardcover',1120,'English','Harold Kerzner','Wiley','Mathematics','2009','470278706','978-0470278703',47),('Design of Reinforced Concrete','hardcover',720,'English','Jack C. McCormac, Russell Brown','Wiley','Literature','2008','470279273','978-0470279274',5),('Principles of Highway Engineering and Traffic Analysis','hardcover',420,'English','Fred L. Mannering, Scott S. Washburn, Walter P. Kilareski','Wiley','Literature','2008','470290757','978-0470290750',35),('Human Geography: People, Place, and Culture','hardcover',544,'English','Erin H. Fouberg, Alexander B. Murphy, H. J. de Blij','Wiley','Mathematics','2009','470382589','978-0470382585',45),('Data Structures and Algorithms in Java','hardcover',736,'English','Michael T. Goodrich, Roberto Tamassia','Wiley','Systems','2010','470383267','978-0470383261',26),('Fundamentals of Modern Manufacturing: Materials, Processes, and Systems','hardcover',1024,'English','Mikell P. Groover','Wiley','Probability','2010','470467002','978-0470467008',37),('Windows 7 For Dummies Book + DVD Bundle','paperback',408,'English','Andy Rathbone','For Dummies','Applied Mathematics','2009','470523980','978-0470523988',0),('How an Economy Grows and Why It Crashes','hardcover',256,'English','Peter D. Schiff, Andrew J. Schiff','Wiley ','Statistics','2010','047052670X','978-0470526705',7),('Mastering the Complex Sale: How to Compete and Win When the Stakes are High!','hardcover',304,'English','Jeff Thull','Wiley','Economics','2010','470533110','978-0470533116',24),('Professional SharePoint 2010 Administration','paperback',840,'English','Todd Klindt, Shane Young, Steve Caravajal','Wrox ','English','2010','470533331','978-0470533338',24),('Theory and Design for Mechanical Measurements','hardcover',590,'English','Richard S. Figliola, Donald E. Beasley','Wiley','Physics','2010','470547413','978-0470547410',27),('The New Rules of Marketing and PR: How to Use Social Media, Blogs, News Releases, Online Video, and Viral Marketing to Reach Buyers Directly, 2nd Edition','paperback',320,'English','David Meerman Scott','Wiley','Mathematics','2010','470547812','978-0470547816',12),('Professional Android 2 Application Development (Wrox Programmer to Programmer)','paperback',576,'English','Reto Meier','Wrox','Economics','2010','470565527','978-0470565520',15),('Smart Calling: Eliminate the Fear, Failure, and Rejection From Cold Calling','hardcover',256,'English','Art Sobczak','Wiley ','Economics','2010','470567023','978-0470567029',0),('Nuclear Reactor Analysis','paperback',650,'English','James J. Duderstadt, Louis J. Hamilton','Wiley','English','1976','471223638','978-0471223634',40),('The Analysis and Design of Linear Circuits','hardcover',848,'English','Roland E. Thomas, Albert J. Rosa','Wiley','Systems','2003','471272132','978-0471272137',35),('Transport Phenomena','hardcover',912,'English','R. Byron Bird, Warren E. Stewart, Edwin N. Lightfoot','Wiley','Applied Mathematics','2001','471410772','978-0471410775',29),('Fundamentals of Heat and Mass Transfer','hardcover',1024,'English','Frank P. Incropera, David P. DeWitt, Theodore L. Bergman, Adrienne S. Lavine','Wiley','Applied Mathematics','2006','471457280','978-0471457282',32),('Basic Engineering Circuit Analysis','hardcover',816,'English','J. David Irwin, R. Mark Nelms','John Wiley & Sons','Biology','2004','471487287','978-0471487289',35),('Fire from Ice: Searching for the Truth Behind the Cold Fusion Furor (Wiley Science Editions)','hardcover',352,'English','Eugene J. Mallove','John Wiley & Sons Inc','Database','1991','471531391','978-0471531395',44),('Principles of Highway Engineering and Traffic Analysis','paperback',272,'English','Fred L. Mannering, Walter P. Kilareski','John Wiley & Sons Inc ','Applied Mathematics','1990','471635324','978-0471635321',8),('Organic Chemistry II as a Second Language: Second Semester Topics','paperback',320,'English','David M. Klein','Wiley','Probability','2005','471738085','978-0471738084',9),('Functions Modeling Change: A Preparation for Calculus','paperback',624,'English','Eric Connally','Wiley','English','2006','471793035','978-0471793038',47),('Notes on Nursing: What It Is, and What It Is Not','paperback',140,'English','Florence Nightingale','Dover Publications','English','1969','048622340X','978-0486223407',1),('1001 Most Useful Spanish Words (Beginners Guides)','paperback',64,'English','Seymour Resnick','Dover Publications','Applied Mathematics','1996','486291138','978-0486291130',37),('Thus Spoke Zarathustra (Selections) / Also sprach Zarathustra (Auswahl): A Dual-Language Book (Dual-Language Books)','paperback',240,'English','Friedrich Nietzsche','Dover Publications','Biology','2004','486437116','978-0486437118',48),('Introduction to Topology: Third Edition','paperback',224,'English','Bert Mendelson','Dover Publications','Database','1990','486663523','978-0486663524',27),('Partial Differential Equations for Scientists and Engineers (Dover Books on Advanced Mathematics)','paperback',414,'English','Stanley J. Farlow','Dover Publications ','History','1993','048667620X','978-0486676203',11),('Calculus (Stewart s Calculus Series)','hardcover',1344,'English','James Stewart','Brooks Cole','Statistics','2007','495011606','978-0495011606',1),('Essential Calculus: Early Transcendentals','hardcover',912,'English','James Stewart','Brooks Cole','Science','2006','495014281','978-0495014287',42),('Student Solutions Manual for Blanchard/Devaney/Hall s Differential Equations, 3rd','paperback',336,'English','Paul Blanchard, Robert L. Devaney, Glen R. Hall','Brooks Cole','Applied Mathematics','2006','495014613','978-0495014614',47),('Algebra and Trigonometry with Analytic Geometry (with CengageNOW Printed Access Card)','hardcover',1023,'English','Earl W. Swokowski, Jeffery A. Cole','Brooks Cole','Applied Mathematics','2007','049510826X','978-0495108269',6),('Principles of Geotechnical Engineering','hardcover',704,'English','Braja M. Das','CL-Engineering','Physics','2009','495411302','978-0495411307',29),('The Cambridge Illustrated History of China (Cambridge Illustrated Histories)','paperback',384,'English','Patricia Buckley Ebrey','Cambridge University Press','Physics','2010','521124336','978-0521124331',35),('Frankenstein (Cambridge Literature)','paperback',286,'English','Mary Shelley','Cambridge University Press ','History','1998','521587026','978-0521587020',36),('Database Systems: Design, Implementation, and Management (with Bind-In Printed Access Card)','hardcover',700,'English','Carlos Coronel, Steven Morris, Peter Rob','Course Technology','Chemistry','2009','538469684','978-0538469685',9),('Calculus: Early Transcendentals','hardcover',1344,'English','James Stewart','Brooks Cole','Economics','2010','538497904','978-0538497909',29),('Calculus','hardcover',1328,'English','Ron Larson, Bruce H. Edwards','Brooks Cole','Statistics','2009','547167024','978-0547167022',1),('A Brief History of Time','hardcover',224,'English','Stephen Hawking','Bantam','Digital world','1998','553109537','978-0553109535',21),('Head First Design Patterns','paperback',688,'English','Elisabeth Freeman, Eric Freeman, Bert Bates, Kathy Sierra','O Reilly Media','Statistics','2004','596007124','978-0596007126',19),('JavaScript: The Definitive Guide','paperback',1032,'English','David Flanagan','O Reilly Media','Science','2006','596101996','978-0596101992',0),('Learning Python, 3rd Edition','paperback',752,'English','Mark Lutz','O Reilly Media','Biology','2007','596513984','978-0596513986',1),('Algorithms in a Nutshell (In a Nutshell (O Reilly))','paperback',368,'English','George T. Heineman, Gary Pollice, Stanley Selkow','O Reilly Media','Statistics','2008','059651624X','978-0596516246',48),('JavaScript: The Good Parts','paperback',176,'English','Douglas Crockford','Yahoo Press','Chemistry','2008','596517742','978-0596517748',34),('Programming Collective Intelligence: Building Smart Web 2.0 Applications','paperback',368,'English','Toby Segaran','O Reilly Media','Mathematics','2007','596529325','978-0596529321',31),('Data Analysis with Open Source Tools','paperback',536,'English','Philipp K. Janert','O Reilly Media','History','2010','596802358','978-0596802356',36),('Building Wireless Sensor Networks: with ZigBee, XBee, Arduino, and Processing','paperback',320,'English','Robert Faludi','O Reilly Media','Science','2010','596807732','978-0596807733',17),('Sams Teach Yourself SQL in 10 Minutes (3rd Edition)','paperback',256,'English','Ben Forta','Sams','Probability','2004','672325675','978-0672325670',37),('PHP and MySQL Web Development (4th Edition)','paperback',1008,'English','Luke Welling, Laura Thomson','Addison-Wesley Professional','Physics','2008','672329166','978-0672329166',42),('The Wealth of Nations (Modern Library Classics)','paperback',1184,'English','Adam Smith, Robert Reich','Modern Library ','Systems','2000','679783369','978-0679783367',13),('Physiology: Board Review Series','paperback',326,'English','Linda Costanzo','Lippincott Williams & Wilkins','Mathematics','1998','683303961','978-0683303964',48),('The Great Gatsby','hardcover',216,'English','F. Scott Fitzgerald','Scribner','Systems','1995','684801523','978-0684801520',7),('Animal Spirits: How Human Psychology Drives the Economy, and Why It Matters for Global Capitalism (New in Paper)','paperback',256,'English','George A. Akerlof, Robert J. Shiller','Princeton University Press','Database','2010','069114592X','978-0691145921',6),('The Developing Person Through Childhood and Adolescence & Media Tool Kit','hardcover',550,'English','Kathleen Stassen Berger','Worth Publishers','Database','2003','716704749','978-0716704744',13),('Biology of Plants','hardcover',944,'English','Peter H. Raven, Ray F. Evert, Susan E. Eichhorn','W. H. Freeman','Database','2004','716710072','978-0716710073',36),('The Fractal Geometry of Nature','hardcover',468,'English','Benoit B. Mandelbrot','Times Books','Biology','1983','716711869','978-0716711865',26),('Quantitative Chemical Analysis','hardcover',928,'English','Daniel C. Harris','W. H. Freeman','Statistics','2002','716744643','978-0716744641',24),('The Developing Person Through the Life Span (paper)','paperback',667,'English','Kathleen Stassen Berger','Worth Publishers','Economics','2004','716791595','978-0716791591',35),('Code Complete: A Practical Handbook of Software Construction','paperback',960,'English','Steve McConnell','Microsoft Press','History','2004','735619670','978-0735619678',45),('Microsoft Office Project 2007 Step by Step (Step By Step (Microsoft))','paperback',560,'English','Carl Chatfield, Timothy Johnson D.','Microsoft Press ','Digital world','2007','735623058','978-0735623057',21),('Windows 7 Inside Out','paperback',1056,'English','Ed Bott, Carl Siechert, Craig Stinson','Microsoft Press','Database','2009','735626650','978-0735626652',36),('Windows 7 Plain & Simple','paperback',400,'English','Jerry Joyce, Marianne Moon','Microsoft Press','Digital world','2009','735626669','978-0735626669',33),('MCTS Self-Paced Training Kit (Exam 70-680): Configuring Windows 7','hardcover',912,'English','Ian McLean, Orin Thomas','Microsoft Press','Mathematics','2009','735627088','978-0735627086',42),('The Origins of the Modern World: A Global and Ecological Narrative from the Fifteenth to the Twenty-first Century (World Social Change)','paperback',240,'English','Robert B. Marks','Rowman & Littlefield Publishers, Inc.','Database','2006','742554198','978-0742554191',36),('Information Technology Project Management','paperback',512,'English','Kathy Schwalbe','Course Technology','Applied Mathematics','1999','076001180X','978-0760011805',27),('501 Spanish Verbs with CD-ROM and Audio CD (501 Verb Series)','paperback',736,'English','Christopher Kendris, Theodore Kendris','Barron s Educational Series','Science','2010','764197975','978-0764197970',0),('India: An Illustrated History (Hippocrene Illustrated Histories)','paperback',200,'English','Prem Kishore, Anuradha Kishore Ganpati','Hippocrene Books','Biology','2003','781809444','978-0781809443',38),('The Coldest Winter: America and the Korean War (Thorndike Press Large Print Nonfiction Series)','hardcover',1240,'English','David Halberstam','Thorndike Press ','Applied Mathematics','2007','786298324','978-0786298327',23),('Storyselling for Financial Advisors : How Top Producers Sell','hardcover',256,'English','Scott West, Mitch Anthony','Kaplan Business ','Digital world','2000','793136644','978-0793136643',14),('Davis s Drug Guide For Nurses (book With Cd-rom) And Mednotes: Nurse s Pocket Pharmacology Guide','hardcover',1482,'English','Judith Hopfer Deglin, April Hazard Vallerand','F. A. Davis Company','Probability','2004','803612257','978-0803612259',21),('Tuttle Learning Chinese Characters: A Revolutionary New Way to Learn and Remember the 800 Most Basic Chinese Characters','paperback',384,'English','Alison Matthews, Laurence Matthews','Tuttle Publishing ','Applied Mathematics','2007','080483816X','978-0804838160',29),('The Accidental Salesperson: How to Take Control of Your Sales Career and Earn the Respect and Income You Deserve','paperback',204,'English','Chris Lytle','AMACOM','Probability','2000','814470831','978-0814470831',2),('Fundamentals of Nuclear Science and Engineering','hardcover',520,'English','J. Kenneth Shultis, Richard E. Faw','CRC Press','Mathematics','2002','824708342','978-0824708344',34),('National Electrical Code 2008 (National Fire Protection Association National Electrical Code)','paperback',840,'English','National Fire Protection Association','National Fire Protection Association','Literature','2007','877657904','978-0877657903',44),('National Electrical Code 2011 (National Fire Protection Association National Electrical Code)','paperback',870,'English','National Fire Protection Association','Delmar Cengage Learning','Economics','2010','877659141','978-0877659143',26),('Plant Physiology, Fifth Edition','hardcover',782,'English','Lincoln Taiz, Eduardo Zeiger','Sinauer Associates, Inc.','Applied Mathematics','2010','878938664','978-0878938667',37),('Integrated Chinese: Level 1, Part 1 Simplified Character Edition (Textbook)','paperback',354,'English','Tao-chung Yao, Yuehua Liu, Liangyan Ge, Yea-fen Chen, Nyan-Ping Bi','Cheng & Tsui','Digital world','2006','887275338','978-0887275333',3),('Integrated Chinese, Level 1 Part 1 Textbook, 3rd Edition (Traditional)','paperback',368,'English','Yuehua Liu','Cheng & Tsui','History','2008','887276393','978-0887276392',45),('Integrated Chinese: Textbook Simplified Characters, Level 1, Part 2 Simplified Text (Chinese Edition)','paperback',403,'Chinese','Yuehua Liu, Daozhong Yao','Cheng & Tsui','Statistics','2008','887276709','978-0887276705',32),('Integrated Chinese: Level 2, Part 1 (Simplified and Traditional Character) Textbook (Chinese Edition)','hardcover',464,'Chinese','Yuehua Liu, Tao-chung Yao, Yaohua Shi, Nyan-Ping Bi, Liangyan Ge','Cheng & Tsui','Digital world','2009','887276806','978-0887276804',32),('Integrated Chinese: Level 2, Part 1 (Simplified and Traditional Character) Workbook (Chinese Edition)','paperback',216,'Chinese','Yuehua Liu, Tao-chung Yao, Liangyan Ge, Nyan-Ping Bi, Yaohua Shi','Cheng & Tsui','Digital world','2009','887276830','978-0887276835',1),('Integrated Chinese, Level 2 Part 2 Textbook (The Integrated Chinese Series) (Chinese Edition)','hardcover',447,'Chinese','Yuehua Liu, Tao-chung Yao, Nyan-Ping Bi, Liangyan Ge, Yaohua Shi','Cheng & Tsui','Applied Mathematics','2010','088727689X','978-0887276897',6),('Integrated Chinese: Level 2 Part 2 Workbook (Chinese Edition)','paperback',190,'Chinese','Yuehua Liu, Tao-chung Yao, Nyan-Ping Bi, Liangyan Ge, Yaohua Shi','Cheng & Tsui','Biology','2010','088727692X','978-0887276927',24),('Sun Tzu on the Art of War: The Oldest Military Treatise in the World (Sunzi for Language Learners, Volume 1) (Mandarin Chinese Edition)','paperback',272,'Mandarin Chinese','Sun Tzu, Sunzi','Hanyu Press ','Statistics','2007','973892420','978-0973892420',32),('Sun Tzu s The Art of War','paperback',72,'English','Sun Tzu','Prohyptikon Publishing Inc. ','Probability','2009','981224407','978-0981224404',25),('Microsoft Office 2007: Introductory Concepts and Techniques, Premium Video Edition (Book Only)','paperback',1368,'English','Gary B. Shelly, Thomas J. Cashman, Misty E. Vermaat','Course Technology','Applied Mathematics','2010','1111529027','978-1111529024',27),('Organic Chemistry I As a Second Language: Translating the Basic Concepts','paperback',363,'English','David R. Klein','John Wiley & Sons','Applied Mathematics','2011','111801040X','978-1118010402',14),('The Pilgrim s Progress From This World to That Which Is to Come, Delivered Under the Similitude of a Dream, by John Bunyan','paperback',100,'English','John Bunyan','General Books LLC ','History','2010','1153716577','978-1153716574',21),('Sidelights On Relativity','hardcover',26,'English','Albert Einstein','Kessinger Publishing, LLC ','Biology','2010','1169173802','978-1169173804',24),('Thus Spake Zarathustra','hardcover',320,'English','Friedrich Nietzsche','Kessinger Publishing, LLC ','Chemistry','2010','1169319890','978-1169319899',4),('The Swiss Family Robinson: or, Adventures in a desert island','paperback',200,'English','Johann David Wyss','Nabu Press ','Digital world','2010','1172290059','978-1172290055',13),('Japanese fairy tales','paperback',332,'English','Yei Theodora Ozaki','Nabu Press ','Science','2010','1176742620','978-1176742628',35),('Sidelights on relativity','paperback',80,'English','Albert Einstein, G B. 1891- Jeffery, W Perrett','Nabu Press ','Physics','2010','1176977113','978-1176977112',31),('Dracula','paperback',368,'English','Bram Stoker','Nabu Press ','Probability','2010','1177759144','978-1177759144',9),('Dubliners','paperback',286,'English','James Joyce','Nabu Press ','Probability','2010','117776153X','978-1177761536',12),('Persuasion','paperback',390,'English','Jane Austen','Nabu Press ','Science','2010','1178018636','978-1178018639',10),('Pandora s Seed: The Unforeseen Cost of Civilization','hardcover',256,'English','Spencer Wells','Random House','Mathematics','2010','1400062152','978-1400062157',37),('A Is for Alibi (Kinsey Milhone Mysteries)','paperback',307,'English','Sue Grafton','St. Martin s Griffin','Database','2005','1405072873','978-1405072878',46),('The Apothecary s Daughter (Superior Collection)','paperback',663,'English','Julie Klassen','Large Print Press','Statistics','2009','1410417115','978-1410417114',28),('Stuck in the Middle (Thorndike Press Large Print Christian Fiction)','hardcover',434,'English','Virginia Smith','Thorndike Press','Biology','2010','1410426645','978-1410426642',17),('The Big Short: Inside the Doomsday Machine (Thorndike Press Large Print Nonfiction Series)','hardcover',411,'English','Michael Lewis','Thorndike Press','Physics','2010','141043026X','978-1410430267',12),('Statistics for People Who (Think They) Hate Statistics: Excel 2007 Edition','paperback',424,'English','Sage Publications, Inc','New Riders Press','Probability','2009','1412971020','978-1412971027',40),('Political Ideals','paperback',112,'English','Bertrand Russell','IndyPublish ','Chemistry','2004','1414282893','978-1414282893',7),('Microsoft Office Access 2007: Comprehensive Concepts and Techniques (Shelly Cashman)','paperback',792,'English','Gary B. Shelly, Thomas J. Cashman, Philip J. Pratt, Mary Z. Last','Course Technology','Statistics','2007','1418843415','978-1418843410',1),('Get Into Graduate School','paperback',312,'English','Kaplan','Kaplan Publishing','Applied Mathematics','2011','1419550101','978-1419550102',28),('Kaplan GRE Exam Subject Test: Biology 2009-2010 Edition ','paperback',456,'English','Kaplan','Kaplan Publishing','Database','2008','141955218X','978-1419552182',48),('Kaplan SAT Subject Test: Biology E/M 2009-2010 Edition (Kaplan Sat Subject Test. Biology E/M)','paperback',396,'English','Kaplan','Kaplan Publishing ','Systems','2009','1419552597','978-1419552595',29),('Kaplan SAT Subject Test Chemistry 2010-2011 Edition (Kaplan Sat Subject Test. Chemistry)','paperback',396,'English','Claire Aldridge, Karl Lee, Kaplan','Kaplan Publishing','Biology','2010','1419553461','978-1419553462',16),('Concepts of Database Management (Sam 2007 Compatible Products)','paperback',386,'English','Philip J. Pratt, Joseph J. Adamski','Course Technology','Biology','2007','1423901479','978-1423901471',4),('Principles of Information Security','paperback',550,'English','Michael E. Whitman, Herbert J. Mattord','Course Technology','Literature','2007','1423901770','978-1423901778',18),('Network+ Guide to Networks (Networking (Course Technology))','paperback',1024,'English','Tamara Dean','Course Technology','Applied Mathematics','2009','1423902459','978-1423902454',13),('New Perspectives on Microsoft Office Access 2007, Brief (New Perspectives Series)','paperback',248,'English','Joseph J. Adamski, Kathy T. Finnegan','Course Technology','Probability','2007','1423905873','978-1423905875',32),('New Perspectives on Microsoft Office Access 2007, Comprehensive','paperback',816,'English','Joseph J. Adamski, Kathy T. Finnegan','Course Technology','Statistics','2007','142390589X','978-1423905899',21),('Fundamentals of Information Systems','paperback',488,'English','Ralph Stair, George Reynolds','Course Technology','Statistics','2008','1423925815','978-1423925811',39),('Experiments With Alternate Currents Of High Potential And High Frequency','paperback',104,'English','Nikola Tesla','Kessinger Publishing, LLC ','Database','2005','1425318754','978-1425318758',3),('The Art of Client Service: 58 Things Every Advertising & Marketing Professional Should Know, Revised and Updated Edition','hardcover',208,'English','Robert Solomon','Kaplan Publishing','Digital world','2008','1427796718','978-1427796714',5),('Math for Moms and Dads: A dictionary of terms and concepts...just for parents','paperback',208,'English','Kaplan','Kaplan Publishing','Systems','2008','1427798192','978-1427798190',21),('Security+ Guide to Network Security Fundamentals','paperback',640,'English','Mark Ciampa','Course Technology','Science','2008','1428340661','978-1428340664',36),('The Human Mosaic','paperback',496,'English','Mona Domosh, Roderick P. Neumann, Patricia L. Price, Terry G. Jordan-Bychkov','W. H. Freeman','Systems','2009','1429214260','978-1429214261',11),('Study Guide for Macroeconomics','paperback',504,'English','Paul Krugman, Robin Wells, Elizabeth Kelly','Worth Publishers','Science','2009','1429217553','978-1429217552',6),('Quantitative Chemical Analysis','hardcover',750,'English','Daniel C. Harris','W. H. Freeman','Science','2010','1429218150','978-1429218153',0),('Macroeconomics','hardcover',608,'English','N. Gregory Mankiw','Worth Publishers','Statistics','2010','1429218878','978-1429218870',11),('Lehninger Principles of Biochemistry & eBook','hardcover',1263,'English','Albert Lehninger, David L. Nelson, Michael M. Cox','W. H. Freeman','Statistics','2008','1429224169','978-1429224161',9),('iPhone and iPad Apps for Absolute Beginners (Getting Started)','paperback',336,'English','Rory Lewis','Apress','Mathematics','2010','1430227001','978-1430227007',29),('Guide to Computer Forensics and Investigations','paperback',720,'English','Bill Nelson, Amelia Phillips, Christopher Steuart','Course Technology','Economics','2009','1435498836','978-1435498839',15),('Nuclear Systems Volume I: Thermal Hydraulic Fundamentals, Second edition','hardcover',736,'English','Neil E. Todreas, Mujid Kazimi','Taylor & Francis','Literature','2011','1439808872','978-1439808870',1),('The Power of Movement in Plants (Classic Reprint)','paperback',616,'English','Charles Darwin','Forgotten Books ','Database','2010','1440079986','978-1440079986',7),('Hackers & Painters: Big Ideas from the Computer Age','paperback',272,'English','Paul Graham','O Reilly Media','English','2010','1449389554','978-1449389550',27),('Photoshop Elements 9: The Missing Manual','paperback',640,'English','Barbara Brundage','Pogue Press','Science','2010','1449389678','978-1449389673',35),('Hadoop: The Definitive Guide','paperback',624,'English','Tom White','Yahoo Press','Mathematics','2010','1449389732','978-1449389734',3),('The Metamorphosis','paperback',82,'English','Franz Kafka','Martino Fine Books ','Economics','2009','1578987857','978-1578987856',8),('Network Fundamentals, CCNA Exploration Companion Guide','hardcover',560,'English','Mark Dye, Rick McDonald, Antoon Rufi','Cisco Press ','Biology','2007','1587132087','978-1587132087',11),('CCNA Official Exam Certification Library (Exam 640-802), Third Edition (Containing ICND1 and ICND2 Second Edition Exam Certification Guides)','hardcover',1475,'English','Wendell Odom','Cisco Press','English','2007','1587201836','978-1587201837',15),('Civil Engineering Reference Manual for the PE Exam','hardcover',1456,'English','Michael R. Lindeburg PE','Professional Publications, Inc.','History','2008','1591261295','978-1591261292',6),('The Ultimate Sales Machine: Turbocharge Your Business with Relentless Focus on 12 Key Strategies','paperback',272,'English','Chet Holmes','Portfolio Trade ','Database','2008','1591842158','978-1591842156',4),('Where Good Ideas Come From: The Natural History of Innovation','hardcover',336,'English','Steven Johnson','Riverhead Hardcover','Biology','2010','1594487715','978-1594487712',43),('The Memorable Thoughts of Socrates','paperback',140,'English','Xenophon','Watchmaker Publishing ','Literature','2010','1603863206','978-1603863209',41),('The Autobiography of Benjamin Franklin','paperback',146,'English','Benjamin Franklin','IndoEuropeanPublishing.com ','English','2010','1604443413','978-1604443417',40),('The Problem of China (with footnotes and index)','paperback',176,'English','Bertrand Russell','Arc Manor ','Systems','2008','1604500832','978-1604500837',2),('See Me After Class: Advice for Teachers by Teachers','hardcover',244,'English','Roxanna Elden','Kaplan Publishing ','Economics','2009','1607140578','978-1607140573',16),('Kaplan AP Biology 2011','paperback',360,'English','Linda Brooke Stabler, Mark Metz, Paul Gier','Kaplan Publishing ','Chemistry','2010','1607145243','978-1607145240',16),('Kaplan AP Calculus AB & BC 2011 (Kaplan Ap Calculus Ab and Bc)','paperback',624,'English','Tamara Lefcourt Ruby, James Sellers, Lisa Korf, Jeremy Van Horn, Mike Munn','Kaplan Publishing ','Chemistry','2010','1607145251','978-1607145257',29),('Kaplan AP Macroeconomics/Microeconomics 2011','paperback',360,'English','Sangeeta Bishop, Christine Parrott, Chuck Martie, Raymond Miller','Kaplan Publishing ','Physics','2010','1607145332','978-1607145332',10),('Kaplan MCAT General Chemistry Review','paperback',464,'English','Kaplan','Kaplan Publishing','Chemistry','2010','1607146398','978-1607146391',33),('Kaplan MCAT Physics Review','paperback',576,'English','Kaplan','Kaplan Publishing','Systems','2010','1607146428','978-1607146421',39),('Kaplan MCAT Biology Review','paperback',560,'English','Kaplan','Kaplan Publishing','Applied Mathematics','2010','1607146436','978-1607146438',0),('Experiments With Alternate Currents of High Potential and High Frequency','paperback',72,'English','Nikola Tesla','General Books LLC ','Economics','2010','1770450718','978-1770450714',28),('The Economic Consequences of the Peace','paperback',138,'English','John Maynard Keynes','General Books LLC ','Literature','2010','1770454616','978-1770454613',11),('Great Expectations (Oberon Book)','paperback',96,'English','Charles Dickens','Oberon Books ','Science','2007','1840027266','978-1840027266',40),('The Algorithm Design Manual','hardcover',736,'English','Steven S. Skiena','Springer','Database','2008','1848000693','978-1848000698',12),('Five Hundred and Seven Mechanical Movements: Embracing All Those Which Are Most Important in Dynamics, Hydraulics, Hydrostatics, Pneumatics, Steam Engines...','paperback',122,'English','Henry T. Brown','Astragal Press ','Database','1995','1879335638','978-1879335639',21),('Euclid s Elements','paperback',527,'English','T.L. Heath Translation','Green Lion Press ','English','2002','1888009195','978-1888009194',34),('ExamKrackers: Complete MCAT Study Package (5 vol. set)','paperback',980,'English','Jonathan Orsay','Osote Publishing','Applied Mathematics','2001','1893858200','978-1893858206',45),('Algorithms of the Intelligent Web','paperback',368,'English','Haralambos Marmanis, Dmitry Babenko','Manning Publications','Chemistry','2009','1933988665','978-1933988665',32),('A Tale of Two Cities','paperback',428,'English','Charles Dickens','Simon & Brown ','Physics','2010','1936041715','978-1936041718',25),('Alice in Wonderland','paperback',100,'English','Lewis Carroll','Tribeca Books ','Mathematics','2010','193659420X','978-1936594207',4),('The Scarlet Letter','paperback',140,'English','Nathaniel Hawthorne','Tribeca Books ','Literature','2011','1936594277','978-1936594276',2),('Pride And Prejudice','paperback',256,'English','Jane Austen','Tribeca Books ','Economics','2010','1936594293','978-1936594290',31),('Dracula','paperback',364,'English','Bram Stoker','SoHo Books ','Systems','2011','1936594331','978-1936594337',12),('A Christmas Carol','paperback',110,'English','Charles Dickens','Tribeca Books ','Probability','2010','193659434X','978-1936594344',2),('The Autobiography of Benjamin Franklin','paperback',152,'English','Benjamin Franklin','Tribeca Books ','Mathematics','2011','1936594374','978-1936594375',16),('Fundamentals of Radiation Materials Science: Metals and Alloys','hardcover',827,'English','Gary S. Was','Springer','Probability','2007','3540494715','978-3540494713',16),('Indian Heroes and Great Chieftains (Large Print)','paperback',224,'English','Charles A. Eastman','Tutis Digital Publishing Pvt. Ltd. ','Applied Mathematics','2008','8184566913','978-8184566918',12),('The Law','hardcover',112,'English','Frederic Bastiat','www.bnpublishing.com ','Applied Mathematics','2007','9562913627','978-9562913621',45),('Introduction to Nuclear And Particle Physics: Solutions Manual for Second Edition of Text by Das and Ferbel','paperback',180,'English','C. Bromberg, A Das, T Ferbel','World Scientific Publishing Company','Literature','2006','9812567445','978-9812567444',4);
/*!40000 ALTER TABLE `myapp_book` ENABLE KEYS */;
UNLOCK TABLES;

--
-- Table structure for table `myapp_feedback`
--

DROP TABLE IF EXISTS `myapp_feedback`;
/*!40101 SET @saved_cs_client     = @@character_set_client */;
/*!40101 SET character_set_client = utf8 */;
CREATE TABLE `myapp_feedback` (
  `loginName` varchar(64) NOT NULL,
  `ISBN13` char(14) NOT NULL,
  `score` int(11) NOT NULL,
  `feedbackText` varchar(100) DEFAULT NULL,
  `feedbackDate` date DEFAULT NULL,
  PRIMARY KEY (`loginName`,`ISBN13`),
  KEY `ISBN13` (`ISBN13`),
  CONSTRAINT `myapp_feedback_ibfk_1` FOREIGN KEY (`loginName`) REFERENCES `auth_user` (`username`),
  CONSTRAINT `myapp_feedback_ibfk_2` FOREIGN KEY (`ISBN13`) REFERENCES `myapp_book` (`ISBN13`)
) ENGINE=InnoDB DEFAULT CHARSET=utf8;
/*!40101 SET character_set_client = @saved_cs_client */;

--
-- Dumping data for table `myapp_feedback`
--

LOCK TABLES `myapp_feedback` WRITE;
/*!40000 ALTER TABLE `myapp_feedback` DISABLE KEYS */;
INSERT INTO `myapp_feedback` VALUES ('angjiayi1990@hotmail.com','978-0321358288',2,'I do not like this book','2016-03-25'),('angjiayi1990@hotmail.com','978-1423905875',1,'','2000-09-10'),('anniechapman1991@yahoo.com','978-0735627086',10,'','2014-04-09'),('anupamaanghan2010@yahoo.com','978-0136006176',9,'Excellent book','2013-09-04'),('anupamaanghan2010@yahoo.com','978-0136086208',4,'Bad...','2002-08-23'),('anupamaanghan2010@yahoo.com','978-0470382585',4,'Lousy book','2011-07-13'),('anupamaanghan2010@yahoo.com','978-1172290055',9,'This book is amazing','2000-12-27'),('chewsoennam1989@msn.com','978-0071701334',6,'Meet my expectation','2004-07-14'),('chewsoennam1989@msn.com','978-0393956160',2,'This book is below average','2004-06-11'),('chewsoennam1989@msn.com','978-0786298327',5,'','2016-03-16'),('chiaweiguo1990@hotmail.com','978-0804838160',4,'','2003-10-04'),('chiayeuarng1991@hotmail.com','978-0495411307',2,'I do not like this book','2016-03-02'),('chiayeuarng1991@hotmail.com','978-1172290055',8,'Excellent book','2005-11-16'),('chnghuiling1992@gmail.com','978-0072467505',2,'Bad...','2008-11-11'),('chnghuiling1992@gmail.com','978-0735627086',9,'Recommended','2015-07-16'),('chnghuiling1992@gmail.com','978-1176742628',9,'I love this book','2006-03-22'),('choyjianmin1991@gmail.com','978-0077221256',6,'Not bad','2004-03-25'),('choyjianmin1991@gmail.com','978-0764197970',1,'I do not like this book','2014-10-07'),('choyweixiang2011@gmail.com','978-0538497909',2,'','2015-03-22'),('davidchapman1989@msn.com','978-0470533338',1,'','2007-01-10'),('davidchapman1989@msn.com','978-0495411307',9,'Good book to have','2003-11-04'),('davidchapman1989@msn.com','978-1770450714',8,'This book is amazing','2011-12-25'),('davidhall1992@yahoo.com','978-0073534428',1,'I do not like this book','2016-05-08'),('davidhall1992@yahoo.com','978-0201824988',9,'I love this book','2016-08-12'),('davidhall1992@yahoo.com','978-0470089156',6,'Meet my expectation','2012-04-09'),('davidhall1992@yahoo.com','978-0735623057',2,'Lousy book','2000-05-27'),('dennisbeckham1989@msn.com','978-0131465923',7,'Average','2014-05-05'),('dennisbeckham1989@msn.com','978-0201531817',7,'','2015-05-02'),('dennisbeckham1989@msn.com','978-0393324860',2,'','2008-10-12'),('dennisbeckham1989@msn.com','978-0735619678',2,'Not good for children','2013-10-06'),('dennisbeckham1989@msn.com','978-1428340664',8,'Excellent book','2009-05-25'),('dennisbeckham1989@msn.com','978-1429218153',2,'Not good for children','2002-01-20'),('dennispalmer1992@yahoo.com','978-0073044811',1,'Not good for children','2012-07-05'),('dennispalmer1992@yahoo.com','978-0691145921',0,'Not good for children','2013-02-15'),('dennispalmer1992@yahoo.com','978-1412971027',10,'This book is amazing','2012-11-24'),('dennispalmer1992@yahoo.com','978-1423905875',3,'','2016-08-24'),('dinggekping1991@msn.com','978-0201531817',7,'Nice one','2003-06-19'),('dinggekping1991@msn.com','978-0793136643',4,'Lousy book','2008-03-17'),('dinggekping1991@msn.com','978-0887275333',7,'Nice one','2003-06-19'),('dinggekping1991@msn.com','978-1603863209',3,'Not recommended','2003-01-22'),('dingkuanchong2010@msn.com','978-0470279274',8,'Excellent book','2000-03-23'),('dingkuanchong2010@msn.com','978-1594487712',4,'','2001-06-10'),('dingweixiang1990@yahoo.com','978-0073401065',9,'I love this book','2017-07-22'),('dingweixiang1990@yahoo.com','978-0470547410',1,'Not good for children','2007-11-12'),('dingweixiang1990@yahoo.com','978-1176977112',1,'','2000-06-17'),('dingyang1989@gmail.com','978-0136086208',8,'Recommended','2010-02-26'),('dingyang1989@gmail.com','978-0195154627',1,'This book is below average','2015-11-28'),('dingyang1989@gmail.com','978-0307278821',10,'Excellent book','2014-12-02'),('fanghan2011@hotmail.com','978-0130853127',9,'Excellent book','2000-03-15'),('fanghan2011@hotmail.com','978-0131367364',0,'Not recommended','2008-05-03'),('fanghan2011@hotmail.com','978-1412971027',10,'Recommended','2013-11-21'),('fengmeng1990@gmail.com','978-0735626652',6,'Average','2013-05-10'),('fengmeng1990@gmail.com','978-1607146391',5,'Meet my expectation','2009-03-09'),('geduo2010@yahoo.com','978-1425318758',4,'Not recommended','2013-01-06'),('geyuwei1992@hotmail.com','978-0470128671',3,'Not good for children','2000-09-14'),('geyuwei1992@hotmail.com','978-0470567029',10,'','2011-12-09'),('gohengchye1992@msn.com','978-0470115398',10,'Recommended','2012-01-03'),('gohhuiying1989@gmail.com','978-0131367364',8,'I love this book','2007-05-17'),('gohhuiying1989@gmail.com','978-0470128725',3,'Bad...','2013-11-02'),('henryhunt1992@yahoo.com','978-0321543257',5,'Nice one','2001-11-25'),('henryhunt1992@yahoo.com','978-0470567029',10,'Good book to have','2012-10-13'),('henryhunt1992@yahoo.com','978-0735619678',6,'Not bad','2008-03-26'),('henryhunt1992@yahoo.com','978-1604443417',1,'This book is below average','2016-02-14'),('huangqi1990@msn.com','978-0060169398',7,'Nice one','2014-03-04'),('huangran1991@yahoo.com','978-0071701334',9,'This book is amazing','2012-09-05'),('huangran1991@yahoo.com','978-1414282893',7,'','2003-08-08'),('huangwenxin2010@msn.com','978-0470547410',8,'Excellent book','2000-07-19'),('huangxuanti1992@msn.com','978-0077216504',1,'Not recommended','2004-12-20'),('huangxuanti1992@msn.com','978-0735619678',4,'This book is below average','2008-02-02'),('huangxuanti1992@msn.com','978-1439808870',6,'Not bad','2008-03-09'),('huangzhanpeng1992@msn.com','978-0321568090',2,'','2010-02-24'),('huangzhanpeng1992@msn.com','978-0374128906',6,'Not bad','2016-02-21'),('huangzhanpeng1992@msn.com','978-0470169902',8,'I love this book','2002-12-16'),('huangzhanpeng1992@msn.com','978-0470565520',10,'','2002-05-03'),('huangzhanpeng1992@msn.com','978-0596513986',2,'','2014-02-26'),('jennybeckham1992@gmail.com','978-0073513157',5,'','2017-06-21'),('jennybeckham1992@gmail.com','978-0201531817',7,'Not bad','2001-03-25'),('jennyhunt1991@gmail.com','978-0201824988',4,'Not good for children','2006-02-09'),('jennyhunt1991@gmail.com','978-1429214261',3,'Not recommended','2013-01-03'),('jennyhunt1991@gmail.com','978-1429218870',8,'Recommended','2006-04-21'),('jerrybrown2010@gmail.com','978-0136058960',6,'','2004-07-27'),('kenowen2011@yahoo.com','978-0321358288',10,'I love this book','2000-09-12'),('kenowen2011@yahoo.com','978-0321441461',1,'I do not like this book','2015-03-17'),('leeyijia1989@gmail.com','978-0887276705',3,'','2001-06-17'),('leeyijia1989@gmail.com','978-1429224161',4,'','2009-06-09'),('liewlienler2010@yahoo.com','978-0201000085',0,'Not recommended','2002-03-11'),('liewlienler2010@yahoo.com','978-0201531817',10,'Perfect','2015-03-02'),('liewlienler2010@yahoo.com','978-0786298327',5,'Not bad','2002-01-23'),('lisasmith2011@msn.com','978-0137057382',0,'Not recommended','2014-08-02'),('lisasmith2011@msn.com','978-0521587020',1,'Bad...','2015-12-09'),('lisasmith2011@msn.com','978-1587201837',5,'','2003-07-23'),('liudanni1991@yahoo.com','978-0072965339',5,'Nice one','2011-01-16'),('liudanni1991@yahoo.com','978-0143105923',7,'Meet my expectation','2010-08-03'),('liudanni1991@yahoo.com','978-0195168075',8,'I love this book','2006-07-21'),('liujun1989@msn.com','978-0130847898',7,'Average','2003-01-08'),('liujun1989@msn.com','978-0716791591',1,'Not good for children','2001-01-22'),('liulinxi1991@yahoo.com','978-1936594290',10,'I love this book','2008-12-05'),('liuqian1991@yahoo.com','978-1405072878',8,'Good book to have','2013-09-01'),('liushaojun2010@msn.com','978-0471793038',10,'This book is amazing','2015-11-08'),('liushaojun2010@msn.com','978-1603863209',3,'Not good for children','2010-03-28'),('liuyihui1990@hotmail.com','978-0470523988',2,'Lousy book','2015-08-20'),('liuyiyang1992@msn.com','978-0195219104',4,'','2017-03-02'),('liuyiyang1992@msn.com','978-0596007126',7,'Meet my expectation','2007-06-16'),('liuzhanpeng2011@msn.com','978-0077221256',10,'','2017-12-06'),('liuzhanpeng2011@msn.com','978-1176977112',5,'Nice one','2013-03-03'),('liyuzhao1990@gmail.com','978-1410426642',8,'Recommended','2001-03-08'),('neelamdeol2011@hotmail.com','978-0321370136',3,'Not recommended','2008-04-02'),('neelamdeol2011@hotmail.com','978-0470533338',0,'This book is below average','2011-11-02'),('neelamdeol2011@hotmail.com','978-1607146391',3,'Not recommended','2006-04-26'),('nehalkanwat1989@gmail.com','978-0446695190',8,'This book is amazing','2013-06-07'),('nehalkanwat1989@gmail.com','978-0486291130',6,'Nice one','2005-07-08'),('nganhquang1991@yahoo.com','978-1427798190',10,'I love this book','2017-03-23'),('ngoogekping1990@hotmail.com','978-1423905875',1,'Lousy book','2015-04-26'),('ngookaiting1991@yahoo.com','978-0321651525',7,'Nice one','2016-03-25'),('ngqiyang1989@msn.com','978-0136006176',6,'Average','2001-05-17'),('ngqiyang1989@msn.com','978-1414282893',7,'Not bad','2012-12-15'),('ngyanfen2010@msn.com','978-0136077916',10,'I love this book','2002-11-15'),('ngyanfen2010@msn.com','978-0470526705',0,'','2004-08-16'),('ngyanfen2010@msn.com','978-0824708344',1,'','2013-02-03'),('ngyanfen2010@msn.com','978-1607146438',1,'Not good for children','2010-08-22'),('ngyongming2011@yahoo.com','978-0486291130',6,'Meet my expectation','2017-12-17'),('ngyongming2011@yahoo.com','978-0887276897',2,'Not good for children','2015-06-16'),('ongkahhong1991@gmail.com','978-0470129296',0,'This book is below average','2003-11-10'),('ongkahhong1991@gmail.com','978-0803612259',0,'Lousy book','2011-05-17'),('ongkahhong1991@gmail.com','978-1400062157',1,'This book is below average','2006-03-02'),('pengjiayuan2011@hotmail.com','978-0470533338',5,'','2015-05-04'),('pengjiayuan2011@hotmail.com','978-1607146421',7,'Not bad','2005-08-15'),('pohhuiling1992@hotmail.com','978-0226264219',9,'','2001-03-21'),('pohhuiling1992@hotmail.com','978-0470170526',8,'Excellent book','2010-01-17'),('pohhuiling1992@hotmail.com','978-0470278703',3,'I do not like this book','2017-04-08'),('qinyiyang2010@hotmail.com','978-0077366742',9,'Excellent book','2015-05-22'),('qinyiyang2010@hotmail.com','978-0136019695',10,'Excellent book','2003-05-07'),('qinyiyang2010@hotmail.com','978-1936594375',1,'','2004-07-14'),('qinyuwei2011@hotmail.com','978-0201531817',4,'Pretty bad','2016-02-02'),('qinyuwei2011@hotmail.com','978-0495014287',8,'','2003-12-05'),('seahteckkee1990@gmail.com','978-0596007126',3,'Lousy book','2011-08-02'),('seahteckkee1990@gmail.com','978-1423905899',8,'I love this book','2012-09-27'),('seahteckkee1990@gmail.com','978-1587201837',7,'Meet my expectation','2014-06-03'),('shentianyi1991@msn.com','978-0136019701',10,'I love this book','2014-08-07'),('shentianyi1991@msn.com','978-0471487289',2,'Bad...','2017-03-17'),('shenwanting2011@yahoo.com','978-0073513157',7,'Average','2006-01-13'),('shenwanting2011@yahoo.com','978-0132139311',0,'','2013-07-16'),('shenwanting2011@yahoo.com','978-0195166095',2,'Not recommended','2001-04-13'),('shenwanting2011@yahoo.com','978-0201531817',2,'','2003-01-01'),('siowcaokhoa1991@msn.com','978-0195103700',3,'Lousy book','2011-03-01'),('siowcaokhoa1991@msn.com','978-1429217552',1,'I do not like this book','2007-04-19'),('siowcaokhoa1991@msn.com','978-1594487712',6,'Not bad','2001-07-12'),('sohjiefeng1991@msn.com','978-1410417114',0,'Not good for children','2000-10-06'),('subramaniamghantasala2011@msn.com','978-0201531817',0,'Not good for children','2014-01-01'),('subramaniamghantasala2011@msn.com','978-1412971027',5,'Average','2011-11-04'),('subramaniamghantasala2011@msn.com','978-1607146421',7,'Average','2003-10-05'),('tanchenghan1990@msn.com','978-0071602174',9,'Recommended','2006-03-27'),('tanchenghan1990@msn.com','978-0201531817',4,'so so','2014-02-01'),('tanhuilin1989@hotmail.com','978-0195219104',1,'This book is below average','2016-12-24'),('tanhuilin1989@hotmail.com','978-0470523988',6,'Nice one','2015-01-25'),('tanhuilin1989@hotmail.com','978-1423925811',1,'I do not like this book','2010-04-02'),('tayweiguo1989@msn.com','978-0123736222',10,'Excellent book','2003-06-17'),('tayweiguo1989@msn.com','978-0201000085',6,'','2017-03-19'),('tayweiguo1989@msn.com','978-0375758256',4,'','2001-03-05'),('tayweiguo1989@msn.com','978-0596807733',3,'Not recommended','2002-10-25'),('tayweiguo1989@msn.com','978-1177759144',10,'Good book to have','2004-06-09'),('tayweiguo1989@msn.com','978-9562913621',1,'Not good for children','2013-12-10'),('tayyongming1989@gmail.com','978-0073381084',2,'Not good for children','2015-08-19'),('tayyongming1989@gmail.com','978-0321651525',9,'This book is amazing','2016-01-26'),('tayyongming1989@gmail.com','978-0538469685',10,'This book is amazing','2012-01-24'),('tayyongming1989@gmail.com','978-0764197970',4,'Not good for children','2017-07-04'),('tayyongming1989@gmail.com','978-1118010402',4,'Not good for children','2016-07-15'),('tsohuilin1989@msn.com','978-0495108269',4,'I do not like this book','2001-12-13'),('tsohuilin1989@msn.com','978-0596802356',9,'This book is amazing','2014-08-19'),('vargheseaneja1992@msn.com','978-0521587020',4,'Lousy book','2003-07-04'),('vargheseaneja1992@msn.com','978-1607140573',8,'This book is amazing','2015-07-14'),('wangna1990@yahoo.com','978-0071602174',6,'Not bad','2001-11-09'),('wangna1990@yahoo.com','978-1587132087',0,'Not good for children','2007-09-06'),('wenna1990@msn.com','978-1414282893',0,'Bad...','2011-08-01'),('wenna1990@msn.com','978-1936594344',7,'Nice one','2008-10-24'),('xiexin2011@gmail.com','978-0887276804',7,'Average','2002-03-25'),('xiexin2011@gmail.com','978-1879335639',4,'Not recommended','2005-12-06'),('xuhuajun1990@msn.com','978-0672325670',2,'Not recommended','2013-11-11'),('xuhuajun1990@msn.com','978-1840027266',9,'','2014-06-15'),('yeojiahao1989@yahoo.com','978-0735619678',3,'Bad...','2006-03-04'),('zengyihui2010@yahoo.com','978-0553109535',3,'','2010-10-15'),('zengyihui2010@yahoo.com','978-0742554191',4,'This book is below average','2009-09-28'),('zhanghan1989@hotmail.com','978-0470526705',4,'Lousy book','2014-06-05'),('zhanghan1989@hotmail.com','978-1936594207',6,'Average','2010-09-19'),('zhanghong2011@msn.com','978-0071635264',4,'This book is below average','2000-05-09'),('zhanghong2011@msn.com','978-0321651525',0,'Not recommended','2005-06-19'),('zhanghong2011@msn.com','978-0393956160',9,'Recommended','2014-09-17'),('zhangyingbo1989@msn.com','978-0470129296',1,'','2006-05-16'),('zhangyingbo1989@msn.com','978-0538497909',10,'Excellent book','2013-04-09'),('zhangyuzhao1990@gmail.com','978-0132281416',1,'','2011-02-21'),('zhangyuzhao1990@gmail.com','978-0201895520',5,'Average','2011-11-17'),('zhangzhanpeng1992@hotmail.com','978-0195103700',5,'Not bad','2008-12-13'),('zhangzhanpeng1992@hotmail.com','978-0195168075',6,'Not bad','2011-06-07'),('zhangzhanpeng1992@hotmail.com','978-0201531817',3,'Bad book','2013-02-02'),('zhangzhanpeng1992@hotmail.com','978-1176742628',10,'This book is amazing','2003-09-12'),('zhangzhuo1989@hotmail.com','978-0205410347',4,'Bad...','2009-09-26'),('zhangzhuo1989@hotmail.com','978-0321590039',1,'Lousy book','2016-11-10'),('zhangzhuo1989@hotmail.com','978-0803612259',10,'I love this book','2004-02-04'),('zhaoyang1989@yahoo.com','978-0072471465',1,'Lousy book','2014-03-19'),('zhengnana1991@gmail.com','978-1449389734',0,'Lousy book','2015-09-08'),('zhengxi1990@yahoo.com','978-0470115398',6,'Nice one','2005-01-06'),('zhengzhemin1991@yahoo.com','978-0321474049',10,'','2009-05-21'),('zhoucong1990@yahoo.com','978-0596007126',4,'Bad...','2009-01-19'),('zhouxialin1990@yahoo.com','978-0470567029',7,'','2007-11-02'),('zhouxialin1990@yahoo.com','978-0521124331',0,'Not recommended','2000-11-06'),('zhouxialin1990@yahoo.com','978-1169319899',3,'I do not like this book','2008-04-14'),('zhuchang2010@gmail.com','978-0716744641',7,'Not bad','2004-05-20');
/*!40000 ALTER TABLE `myapp_feedback` ENABLE KEYS */;
UNLOCK TABLES;

--
-- Table structure for table `myapp_orders`
--

DROP TABLE IF EXISTS `myapp_orders`;
/*!40101 SET @saved_cs_client     = @@character_set_client */;
/*!40101 SET character_set_client = utf8 */;
CREATE TABLE `myapp_orders` (
  `loginName` varchar(64) NOT NULL,
  `ISBN13` char(14) NOT NULL,
  `quantityOrdered` int(11) NOT NULL,
  `orderDate` datetime NOT NULL,
  PRIMARY KEY (`loginName`,`ISBN13`,`orderDate`),
  KEY `ISBN13` (`ISBN13`),
  CONSTRAINT `myapp_orders_ibfk_1` FOREIGN KEY (`loginName`) REFERENCES `auth_user` (`username`) ON DELETE CASCADE ON UPDATE CASCADE,
  CONSTRAINT `myapp_orders_ibfk_2` FOREIGN KEY (`ISBN13`) REFERENCES `myapp_book` (`ISBN13`) ON DELETE CASCADE ON UPDATE CASCADE
) ENGINE=InnoDB DEFAULT CHARSET=utf8;
/*!40101 SET character_set_client = @saved_cs_client */;

--
-- Dumping data for table `myapp_orders`
--

LOCK TABLES `myapp_orders` WRITE;
/*!40000 ALTER TABLE `myapp_orders` DISABLE KEYS */;
INSERT INTO `myapp_orders` VALUES ('angjiayi1990@hotmail.com','978-1153716574',4,'2015-09-07 00:08:32'),('angjiayi1990@hotmail.com','978-1423901778',4,'2016-11-12 04:15:03'),('anniechapman1991@yahoo.com','978-0136077916',3,'2015-08-14 16:08:41'),('anniechapman1991@yahoo.com','978-1607145332',5,'2015-11-13 07:15:15'),('anupamaanghan2010@yahoo.com','978-0077221409',4,'2015-08-25 16:29:45'),('anupamaanghan2010@yahoo.com','978-0194792226',3,'2015-09-25 05:00:40'),('anupamaanghan2010@yahoo.com','978-0470110089',1,'2016-08-03 05:18:35'),('anupamaanghan2010@yahoo.com','978-1400062157',5,'2016-09-19 04:17:52'),('anupamaanghan2010@yahoo.com','978-1410417114',1,'2016-09-21 14:06:24'),('chewsoennam1989@msn.com','978-1412971027',5,'2015-12-07 06:20:44'),('chewsoennam1989@msn.com','978-1933988665',1,'2017-12-26 20:01:16'),('chiaweiguo1990@hotmail.com','978-0321568090',1,'2016-08-08 16:43:46'),('chiaweiguo1990@hotmail.com','978-0321725998',3,'2017-10-05 09:24:41'),('chiaweiguo1990@hotmail.com','978-0887276392',3,'2017-09-09 07:45:37'),('chnghuiling1992@gmail.com','978-0201000085',1,'2015-11-19 17:45:13'),('chnghuiling1992@gmail.com','978-1449389734',2,'2016-09-08 20:37:04'),('choyjianmin1991@gmail.com','978-0470383261',1,'2015-12-06 05:14:18'),('choyjianmin1991@gmail.com','978-0471410775',4,'2016-08-07 00:17:51'),('choyjianmin1991@gmail.com','978-0495411307',1,'2015-08-09 09:55:13'),('choyjianmin1991@gmail.com','978-0735626652',1,'2016-12-12 02:57:36'),('choyjianmin1991@gmail.com','978-1414282893',4,'2015-09-02 20:11:24'),('choyweixiang2011@gmail.com','978-0471531395',4,'2017-09-02 19:24:55'),('choyweixiang2011@gmail.com','978-0547167022',3,'2016-11-05 00:19:08'),('choyweixiang2011@gmail.com','978-0672329166',3,'2017-10-15 02:09:48'),('choyweixiang2011@gmail.com','978-1418843410',3,'2017-09-09 11:52:09'),('choyyiting1992@hotmail.com','978-0077216504',1,'2016-08-03 00:33:43'),('choyyiting1992@hotmail.com','978-0130473943',5,'2015-09-05 22:24:51'),('choyyiting1992@hotmail.com','978-0136110583',3,'2017-09-20 05:37:25'),('choyyiting1992@hotmail.com','978-0470128688',5,'2016-11-28 13:12:37'),('choyyiting1992@hotmail.com','978-1607145240',2,'2017-10-07 17:37:24'),('choyyiting1992@hotmail.com','978-1936594337',5,'2016-08-02 07:03:53'),('davidchapman1989@msn.com','978-0307407955',4,'2016-09-18 12:28:53'),('davidchapman1989@msn.com','978-1423902454',4,'2017-11-10 17:11:00'),('davidhall1992@yahoo.com','978-0470279274',2,'2017-10-15 22:35:45'),('davidhall1992@yahoo.com','978-0486663524',1,'2017-12-05 22:55:13'),('dennisbeckham1989@msn.com','978-0071701334',5,'2016-09-01 08:08:25'),('dennispalmer1992@yahoo.com','978-1888009194',3,'2015-11-02 00:58:50'),('dinggekping1991@msn.com','978-0071602174',2,'2016-10-20 17:33:10'),('dinggekping1991@msn.com','978-0071635264',2,'2015-12-09 18:56:16'),('dinggekping1991@msn.com','978-0446695190',3,'2015-10-01 23:20:03'),('dinggekping1991@msn.com','978-0495014287',3,'2015-11-14 20:26:52'),('dinggekping1991@msn.com','978-1427798190',4,'2017-12-16 19:13:05'),('dingkuanchong2010@msn.com','978-0072471465',1,'2017-12-01 19:53:34'),('dingkuanchong2010@msn.com','978-0136021827',3,'2017-09-27 15:20:55'),('dingweixiang1990@yahoo.com','978-0136019695',4,'2016-12-20 14:11:09'),('dingweixiang1990@yahoo.com','978-0393049824',5,'2016-12-24 20:25:22'),('dingweixiang1990@yahoo.com','978-1604443417',1,'2015-08-03 22:41:25'),('dingweixiang1990@yahoo.com','978-1770454613',4,'2016-11-06 17:07:01'),('dingyang1989@gmail.com','978-0321441461',3,'2015-09-14 07:19:47'),('dingyang1989@gmail.com','978-0470523988',3,'2016-09-16 18:04:14'),('dingyang1989@gmail.com','978-0521124331',3,'2015-09-09 13:44:02'),('fengmeng1990@gmail.com','978-1419550102',5,'2016-08-04 09:54:58'),('geduo2010@yahoo.com','978-1936594207',1,'2016-11-18 02:40:10'),('geyuwei1992@hotmail.com','978-0130746436',1,'2016-08-11 06:28:52'),('geyuwei1992@hotmail.com','978-0136058960',2,'2017-08-08 12:26:20'),('geyuwei1992@hotmail.com','978-0324590371',2,'2017-09-14 20:55:40'),('geyuwei1992@hotmail.com','978-0470547410',2,'2016-08-04 16:30:44'),('geyuwei1992@hotmail.com','978-1419552182',2,'2017-10-04 20:43:56'),('gohengchye1992@msn.com','978-0307278821',3,'2016-08-13 03:54:47'),('gohengchye1992@msn.com','978-0596529321',5,'2016-09-11 06:50:24'),('gohengchye1992@msn.com','978-0877659143',1,'2015-09-10 18:14:27'),('gohhuiying1989@gmail.com','978-0072424119',1,'2015-08-08 14:30:08'),('gohhuiying1989@gmail.com','978-0073513157',3,'2017-10-16 08:31:05'),('gohhuiying1989@gmail.com','978-0471738084',2,'2017-11-03 06:05:40'),('gohhuiying1989@gmail.com','978-1169319899',1,'2016-09-19 04:21:09'),('huangqi1990@msn.com','978-0786298327',3,'2015-08-06 17:03:32'),('huangqi1990@msn.com','978-1435498839',4,'2015-11-27 02:08:53'),('huangqi1990@msn.com','978-1936594276',5,'2015-12-11 17:05:32'),('huangran1991@yahoo.com','978-0073104454',4,'2017-08-12 00:11:43'),('huangran1991@yahoo.com','978-0195169997',2,'2017-11-02 08:08:14'),('huangran1991@yahoo.com','978-0321667885',4,'2015-10-21 20:33:15'),('huangwenxin2010@msn.com','978-0073527604',3,'2017-10-24 21:39:39'),('huangwenxin2010@msn.com','978-0195103700',1,'2016-09-23 09:01:36'),('huangwenxin2010@msn.com','978-0471457282',1,'2017-09-19 15:22:54'),('huangwenxin2010@msn.com','978-0538469685',1,'2017-12-15 01:18:14'),('huangwenxin2010@msn.com','978-0973892420',4,'2016-12-01 08:00:53'),('huangwenxin2010@msn.com','978-1425318758',3,'2015-10-22 20:39:36'),('huangzhanpeng1992@msn.com','978-1848000698',5,'2017-08-05 22:52:22'),('irisbrown1992@hotmail.com','978-0137057382',5,'2016-09-07 10:43:45'),('irisbrown1992@hotmail.com','978-0877657903',1,'2015-08-20 13:49:54'),('irisbrown1992@hotmail.com','978-1879335639',3,'2016-12-15 12:49:04'),('jennybeckham1992@gmail.com','978-0136086208',1,'2015-12-07 15:03:46'),('jennybeckham1992@gmail.com','978-0143105923',4,'2017-12-10 21:46:49'),('jennybeckham1992@gmail.com','978-0262513593',1,'2017-11-17 03:50:43'),('jennybeckham1992@gmail.com','978-1587201837',2,'2015-12-07 11:39:40'),('jennybeckham1992@gmail.com','978-1607145257',3,'2017-11-05 13:54:06'),('jennyhunt1991@gmail.com','978-0321370136',4,'2017-08-21 15:22:04'),('jennyhunt1991@gmail.com','978-0393317558',5,'2016-11-15 23:41:50'),('jennyhunt1991@gmail.com','978-0596101992',4,'2015-09-09 23:28:58'),('jennyhunt1991@gmail.com','978-0887275333',2,'2017-12-06 20:54:21'),('jennyhunt1991@gmail.com','978-1429214261',1,'2015-09-27 21:08:36'),('jerrybrown2010@gmail.com','978-0136079675',1,'2015-10-01 16:34:42'),('kenowen2011@yahoo.com','978-0077366742',3,'2015-11-07 05:38:04'),('kenowen2011@yahoo.com','978-0486437118',2,'2015-09-06 18:30:54'),('kenowen2011@yahoo.com','978-0764197970',3,'2016-10-16 00:13:08'),('kenowen2011@yahoo.com','978-0804838160',1,'2015-09-23 18:13:26'),('kenowen2011@yahoo.com','978-1169173804',5,'2016-09-07 23:47:27'),('kenowen2011@yahoo.com','978-1178018639',1,'2016-09-07 14:13:13'),('kenowen2011@yahoo.com','978-1419552595',3,'2017-09-26 05:38:02'),('kenowen2011@yahoo.com','978-1429224161',2,'2016-11-18 08:40:01'),('krupeshandhak1991@yahoo.com','978-0824708344',1,'2017-11-20 21:48:42'),('krupeshandhak1991@yahoo.com','978-1429218870',1,'2017-10-26 15:36:31'),('krupeshandhak1991@yahoo.com','978-1439808870',3,'2015-10-09 20:14:01'),('krupeshandhak1991@yahoo.com','978-1607146421',4,'2016-08-06 00:41:18'),('leeyijia1989@gmail.com','978-0123736222',1,'2017-08-10 22:08:26'),('leeyijia1989@gmail.com','978-0324589993',2,'2017-11-13 16:06:38'),('leeyijia1989@gmail.com','978-1430227007',1,'2015-11-04 05:44:28'),('leeyijia1989@gmail.com','978-1587132087',4,'2015-11-19 07:14:58'),('liewlienler2010@yahoo.com','978-0132281416',2,'2016-11-08 08:43:51'),('lisasmith2011@msn.com','978-0060169398',5,'2017-09-10 17:22:43'),('lisasmith2011@msn.com','978-0131465923',1,'2015-09-26 05:21:34'),('lisasmith2011@msn.com','978-0716711865',3,'2015-08-02 08:36:39'),('liudanni1991@yahoo.com','978-0136006176',3,'2016-10-02 08:56:50'),('liujun1989@msn.com','978-0131480056',2,'2017-09-24 00:32:16'),('liujun1989@msn.com','978-0321295354',4,'2015-12-01 10:16:14'),('liujun1992@msn.com','978-0465020232',3,'2016-11-07 18:32:24'),('liujun1992@msn.com','978-1893858206',3,'2016-12-02 23:40:53'),('liulinxi1991@yahoo.com','978-0679783367',1,'2016-11-23 14:22:29'),('liuqian1991@yahoo.com','978-0471272137',1,'2015-11-14 01:41:26'),('liuqian1991@yahoo.com','978-0735626669',3,'2016-08-16 18:39:24'),('liuqian1991@yahoo.com','978-1603863209',2,'2015-12-17 02:51:21'),('liushaojun2010@msn.com','978-0393324860',3,'2015-09-10 16:23:23'),('liushaojun2010@msn.com','978-0471635321',4,'2017-12-06 21:50:51'),('liushaojun2010@msn.com','978-1177761536',4,'2015-09-16 05:10:48'),('liuyihui1990@hotmail.com','978-0073529288',5,'2015-09-28 20:08:10'),('liuyihui1990@hotmail.com','978-0486223407',3,'2016-10-04 07:17:25'),('liuyihui1990@hotmail.com','978-0486291130',4,'2015-11-15 21:56:59'),('liuyihui1990@hotmail.com','978-1419553462',4,'2017-12-14 18:30:46'),('liuyihui1990@hotmail.com','978-3540494713',2,'2015-11-09 10:38:44'),('liuyiyang1992@msn.com','978-0136091837',3,'2017-11-28 09:58:36'),('liuyiyang1992@msn.com','978-1111529024',2,'2015-11-09 18:11:10'),('liuzhanpeng2011@msn.com','978-0374128906',2,'2015-11-09 00:08:34'),('liuzhanpeng2011@msn.com','978-1177759144',4,'2015-08-05 07:28:48'),('liuzhencai1990@msn.com','978-0195166095',1,'2016-08-04 14:52:41'),('liyuzhao1990@gmail.com','978-9812567444',5,'2015-12-20 05:57:17'),('neelamdeol2011@hotmail.com','978-1449389673',5,'2015-08-28 23:19:48'),('nehalkanwat1989@gmail.com','978-0071508612',5,'2016-11-07 04:20:14'),('nehalkanwat1989@gmail.com','978-0132139311',4,'2016-08-08 09:41:23'),('nehalkanwat1989@gmail.com','978-0470565520',4,'2016-10-28 00:30:45'),('nehalkanwat1989@gmail.com','978-0672325670',2,'2017-11-18 15:53:31'),('nehalkanwat1989@gmail.com','978-0735619678',3,'2017-09-20 21:27:23'),('nehalkanwat1989@gmail.com','978-0742554191',2,'2017-10-02 03:18:43'),('nehalkanwat1989@gmail.com','978-1405072878',1,'2017-10-16 18:23:20'),('nganhquang1991@yahoo.com','978-0262033848',1,'2015-10-28 15:56:45'),('nganhquang1991@yahoo.com','978-0321516664',3,'2015-09-11 02:53:20'),('nganhquang1991@yahoo.com','978-1172290055',1,'2017-08-18 20:43:29'),('ngoogekping1990@hotmail.com','978-0495014614',3,'2017-11-28 11:56:38'),('ngoogekping1990@hotmail.com','978-0793136643',5,'2017-12-25 00:52:30'),('ngoogekping1990@hotmail.com','978-0981224404',4,'2016-09-17 11:54:31'),('ngookaiting1991@yahoo.com','978-0375429880',3,'2017-10-26 19:17:08'),('ngookaiting1991@yahoo.com','978-0684801520',4,'2015-11-08 10:00:43'),('ngookaiting1991@yahoo.com','978-0887276705',4,'2015-08-18 17:19:32'),('ngqiyang1989@msn.com','978-0071639309',2,'2017-08-07 02:14:47'),('ngqiyang1989@msn.com','978-1176742628',3,'2017-12-28 20:02:11'),('ngqiyang1989@msn.com','978-1410426642',5,'2016-08-26 13:35:32'),('ngqiyang1989@msn.com','978-8184566918',3,'2017-10-15 03:51:18'),('ngyanfen2010@msn.com','978-0415917711',4,'2017-10-05 23:13:32'),('ngyanfen2010@msn.com','978-0470533116',2,'2017-10-27 23:23:11'),('ngyanfen2010@msn.com','978-0471793038',2,'2015-08-16 01:07:47'),('ngyanfen2010@msn.com','978-0716704744',5,'2015-11-19 18:52:16'),('ngyanfen2010@msn.com','978-0803612259',4,'2017-12-12 22:31:40'),('ngyanfen2010@msn.com','978-1118010402',3,'2017-12-09 09:17:25'),('ngyanfen2010@msn.com','978-1594487712',3,'2017-09-08 20:58:36'),('ngyongming2011@yahoo.com','978-0814470831',4,'2017-11-18 13:16:05'),('nihanran1989@msn.com','978-0393058581',1,'2016-11-01 09:18:25'),('ongkahhong1991@gmail.com','978-0195154627',3,'2016-10-13 05:01:27'),('ongkahhong1991@gmail.com','978-0393072228',3,'2015-09-15 19:16:36'),('ongkahhong1991@gmail.com','978-0470170526',1,'2016-08-12 12:38:25'),('ongkahhong1991@gmail.com','978-1440079986',4,'2017-12-02 01:20:03'),('pengjiayuan2011@hotmail.com','978-0072465631',3,'2016-10-12 00:06:44'),('pohhuiling1992@hotmail.com','978-0130853127',4,'2017-10-18 04:25:55'),('pohhuiling1992@hotmail.com','978-0321474049',4,'2017-10-05 17:46:08'),('pohhuiling1992@hotmail.com','978-0470169902',3,'2015-08-28 08:05:09'),('pohhuiling1992@hotmail.com','978-0878938667',4,'2015-12-10 11:10:30'),('qinyiyang2010@hotmail.com','978-0735623057',1,'2015-09-13 23:05:44'),('seahteckkee1990@gmail.com','978-0470567029',3,'2017-09-07 22:15:59'),('seahteckkee1990@gmail.com','978-0486676203',1,'2017-11-28 19:37:11'),('seahteckkee1990@gmail.com','978-0495108269',3,'2015-11-08 08:33:53'),('seahteckkee1990@gmail.com','978-0521587020',4,'2017-10-15 11:51:22'),('seahwengfai1990@yahoo.com','978-0887276835',1,'2015-12-20 13:09:11'),('shentianyi1991@msn.com','978-0073401065',3,'2016-09-12 22:41:23'),('shentianyi1991@msn.com','978-0683303964',2,'2016-11-22 05:16:29'),('shentianyi1991@msn.com','978-1423905875',3,'2017-12-23 07:18:09'),('shentianyi1991@msn.com','978-1429217552',2,'2016-09-09 18:40:26'),('shenwanting2011@yahoo.com','978-0470129296',4,'2017-09-16 13:24:41'),('siowcaokhoa1991@msn.com','978-0470382585',3,'2016-11-10 01:29:40'),('sohjiefeng1991@msn.com','978-0072493504',3,'2016-10-01 02:31:26'),('sohjiefeng1991@msn.com','978-0201895520',4,'2015-08-14 08:47:15'),('sohjiefeng1991@msn.com','978-0471487289',4,'2016-08-16 17:42:50'),('subramaniamghantasala2011@msn.com','978-0321543257',1,'2016-08-02 20:15:22'),('tanchenghan1990@msn.com','978-0195219104',5,'2016-12-23 00:45:51'),('tanchenghan1990@msn.com','978-0321677358',4,'2015-09-16 07:25:15'),('tanchenghan1990@msn.com','978-1840027266',3,'2015-10-04 17:20:16'),('tanhuilin1989@hotmail.com','978-0201531817',2,'2017-08-14 20:24:48'),('tanweisheng1989@gmail.com','978-0073044811',2,'2017-10-24 11:38:33'),('tanweisheng1989@gmail.com','978-0140390162',5,'2016-08-28 06:24:02'),('tanweisheng1989@gmail.com','978-0205020409',5,'2016-12-14 03:10:05'),('tanweisheng1989@gmail.com','978-1176977112',5,'2017-12-23 19:56:02'),('tanweisheng1989@gmail.com','978-1591842156',1,'2017-09-20 17:37:38'),('tayweiguo1989@msn.com','978-0130847898',1,'2016-10-03 18:38:03'),('tayweiguo1989@msn.com','978-0321582034',4,'2017-12-23 04:59:02'),('tayweiguo1989@msn.com','978-0321651525',1,'2016-08-03 21:54:30'),('tayyongming1989@gmail.com','978-0553109535',1,'2015-11-06 05:15:45'),('tayyongming1989@gmail.com','978-0887276804',5,'2015-12-11 03:43:19'),('tayyongming1989@gmail.com','978-1591261292',5,'2015-11-26 23:55:07'),('tayyongming1989@gmail.com','978-1607140573',2,'2015-12-17 07:01:45'),('tayyongming1989@gmail.com','978-1936594290',4,'2015-11-22 19:46:13'),('tayyongming1989@gmail.com','978-9562913621',3,'2015-11-13 21:09:50'),('tsohuilin1989@msn.com','978-0321590039',5,'2016-08-09 22:56:02'),('tsohuilin1989@msn.com','978-0470547816',5,'2016-08-08 04:35:34'),('tsohuilin1989@msn.com','978-0735627086',1,'2015-11-02 00:14:11'),('vargheseaneja1992@msn.com','978-0132079952',2,'2016-11-27 02:52:26'),('wangna1990@yahoo.com','978-0470533338',1,'2016-12-02 18:19:24'),('wangna1990@yahoo.com','978-1423925811',2,'2016-09-09 17:01:56'),('wenna1990@msn.com','978-0195168075',5,'2016-12-11 02:42:19'),('wenna1990@msn.com','978-0470053041',1,'2015-10-12 13:30:54'),('wenna1990@msn.com','978-0470290750',5,'2017-12-13 00:08:34'),('wenna1990@msn.com','978-0471223634',1,'2017-08-17 05:40:02'),('wenna1990@msn.com','978-0716744641',4,'2015-08-24 11:14:31'),('wenna1990@msn.com','978-1770450714',3,'2017-09-16 18:46:01'),('xiexin2011@gmail.com','978-0072467505',1,'2016-10-06 03:39:30'),('xiexin2011@gmail.com','978-0195142518',2,'2017-11-23 04:25:41'),('xiexin2011@gmail.com','978-0321694331',3,'2015-11-10 06:58:13'),('xiexin2011@gmail.com','978-0538497909',1,'2016-12-05 08:56:12'),('xiexin2011@gmail.com','978-1428340664',2,'2015-10-19 18:33:24'),('yeojiahao1989@yahoo.com','978-0321580023',3,'2017-11-26 01:06:14'),('yeojiahao1989@yahoo.com','978-0395677667',1,'2017-12-18 11:58:34'),('yeojiahao1989@yahoo.com','978-0596517748',4,'2016-09-18 07:09:30'),('zengyihui2010@yahoo.com','978-0470128725',4,'2015-09-20 09:34:14'),('zengyihui2010@yahoo.com','978-1429218153',2,'2015-10-27 16:56:51'),('zhangcong2010@hotmail.com','978-0393956160',5,'2016-10-12 23:16:54'),('zhangcong2010@hotmail.com','978-1449389550',5,'2015-10-18 07:17:51'),('zhanghan1989@hotmail.com','978-0136019701',3,'2017-08-12 06:59:39'),('zhanghan1989@hotmail.com','978-0375758256',5,'2016-10-10 22:47:11'),('zhanghan1989@hotmail.com','978-1607146438',4,'2017-08-02 23:18:18'),('zhanghong2011@msn.com','978-0073534428',3,'2015-08-02 23:03:01'),('zhanghong2011@msn.com','978-0131470460',2,'2017-08-10 06:35:36'),('zhanghong2011@msn.com','978-0195167887',3,'2016-08-02 01:25:25'),('zhanghong2011@msn.com','978-0470115398',2,'2016-09-13 04:20:11'),('zhanghong2011@msn.com','978-0887276897',2,'2017-11-01 11:10:12'),('zhangyingbo1989@msn.com','978-0760011805',2,'2016-11-19 06:22:32'),('zhangyuzhao1990@gmail.com','978-0716710073',3,'2015-10-16 18:06:05'),('zhangzhanpeng1992@hotmail.com','978-0077295462',2,'2015-12-26 14:54:50'),('zhangzhanpeng1992@hotmail.com','978-0470089156',5,'2015-09-26 10:49:14'),('zhaoyang1989@yahoo.com','978-0073365947',2,'2016-10-04 17:35:44'),('zhaoyang1989@yahoo.com','978-0073381084',5,'2016-12-02 09:38:18'),('zhaoyang1989@yahoo.com','978-0140439120',4,'2016-09-17 06:56:51'),('zhaoyang1989@yahoo.com','978-0321579362',4,'2016-12-03 00:30:50'),('zhaoyang1989@yahoo.com','978-0470169926',5,'2016-08-10 05:48:28'),('zhengnana1991@gmail.com','978-0321344755',5,'2016-11-21 06:04:29'),('zhengnana1991@gmail.com','978-0596007126',3,'2015-10-06 16:50:02'),('zhengnana1991@gmail.com','978-1578987856',2,'2015-11-16 12:20:45'),('zhengxi1990@yahoo.com','978-0132435734',1,'2017-10-11 20:30:10'),('zhengxi1990@yahoo.com','978-0596802356',5,'2015-10-26 02:08:34'),('zhengxi1990@yahoo.com','978-1936594375',5,'2016-08-05 20:23:45'),('zhengzhemin1991@yahoo.com','978-0201824988',1,'2015-12-08 16:51:22'),('zhoucong1990@yahoo.com','978-0205410347',1,'2016-11-21 21:51:24'),('zhoucong1990@yahoo.com','978-0307265630',3,'2017-12-01 21:40:56'),('zhoucong1990@yahoo.com','978-0387207780',2,'2016-11-15 01:23:04'),('zhoucong1990@yahoo.com','978-0387499826',1,'2017-12-20 09:43:25'),('zhoucong1990@yahoo.com','978-0716791591',3,'2017-10-12 16:29:11'),('zhoucong1990@yahoo.com','978-1410430267',4,'2015-12-10 20:13:21'),('zhouhuichan1990@msn.com','978-0316831307',3,'2016-10-06 14:11:43'),('zhouxialin1990@yahoo.com','978-0123744937',3,'2017-09-07 11:55:53'),('zhouxialin1990@yahoo.com','978-0691145921',5,'2015-12-03 05:58:30'),('zhouxialin1990@yahoo.com','978-1423901471',4,'2017-10-16 05:43:01'),('zhouxialin1990@yahoo.com','978-1427796714',5,'2017-10-10 23:54:30'),('zhuchang2010@gmail.com','978-0470526705',1,'2015-12-16 17:18:18'),('zhuchang2010@gmail.com','978-0887276927',3,'2017-08-16 20:06:48'),('zhuchang2010@gmail.com','978-1423905899',5,'2015-11-06 21:13:08');
/*!40000 ALTER TABLE `myapp_orders` ENABLE KEYS */;
UNLOCK TABLES;

--
-- Table structure for table `myapp_usefulness`
--

DROP TABLE IF EXISTS `myapp_usefulness`;
/*!40101 SET @saved_cs_client     = @@character_set_client */;
/*!40101 SET character_set_client = utf8 */;
CREATE TABLE `myapp_usefulness` (
  `loginName` varchar(64) NOT NULL,
  `score` int(11) NOT NULL,
  `userBeingRated` varchar(64) NOT NULL,
  `ISBN13` char(14) NOT NULL,
  PRIMARY KEY (`loginName`,`userBeingRated`,`ISBN13`),
  KEY `userBeingRated` (`userBeingRated`),
  KEY `ISBN13` (`ISBN13`),
  CONSTRAINT `myapp_usefulness_ibfk_1` FOREIGN KEY (`loginName`) REFERENCES `auth_user` (`username`),
  CONSTRAINT `myapp_usefulness_ibfk_2` FOREIGN KEY (`userBeingRated`) REFERENCES `myapp_feedback` (`loginName`),
  CONSTRAINT `myapp_usefulness_ibfk_3` FOREIGN KEY (`ISBN13`) REFERENCES `myapp_feedback` (`ISBN13`)
) ENGINE=InnoDB DEFAULT CHARSET=utf8;
/*!40101 SET character_set_client = @saved_cs_client */;

--
-- Dumping data for table `myapp_usefulness`
--

LOCK TABLES `myapp_usefulness` WRITE;
/*!40000 ALTER TABLE `myapp_usefulness` DISABLE KEYS */;
INSERT INTO `myapp_usefulness` VALUES ('angjiayi1990@hotmail.com',2,'dinggekping1991@msn.com','978-0201531817'),('angjiayi1990@hotmail.com',0,'zhangzhuo1989@hotmail.com','978-0321590039'),('anniechapman1991@yahoo.com',1,'huangxuanti1992@msn.com','978-0735619678'),('anniechapman1991@yahoo.com',2,'huangzhanpeng1992@msn.com','978-0470169902'),('anupamaanghan2010@yahoo.com',2,'chnghuiling1992@gmail.com','978-1176742628'),('anupamaanghan2010@yahoo.com',2,'liuzhanpeng2011@msn.com','978-1176977112'),('anupamaanghan2010@yahoo.com',0,'zhangzhanpeng1992@hotmail.com','978-0195168075'),('chewsoennam1989@msn.com',2,'kenowen2011@yahoo.com','978-0321441461'),('chiaweiguo1990@hotmail.com',1,'geyuwei1992@hotmail.com','978-0470567029'),('chiaweiguo1990@hotmail.com',1,'jennybeckham1992@gmail.com','978-0201531817'),('chiaweiguo1990@hotmail.com',0,'xuhuajun1990@msn.com','978-0672325670'),('chiaweiguo1990@hotmail.com',0,'xuhuajun1990@msn.com','978-1840027266'),('chiaweiguo1990@hotmail.com',0,'zhanghong2011@msn.com','978-0071635264'),('chiayeuarng1991@hotmail.com',0,'chewsoennam1989@msn.com','978-0071701334'),('chiayeuarng1991@hotmail.com',0,'shentianyi1991@msn.com','978-0471487289'),('chnghuiling1992@gmail.com',2,'huangxuanti1992@msn.com','978-1439808870'),('chnghuiling1992@gmail.com',2,'neelamdeol2011@hotmail.com','978-0321370136'),('chnghuiling1992@gmail.com',2,'subramaniamghantasala2011@msn.com','978-0201531817'),('choyjianmin1991@gmail.com',1,'dennispalmer1992@yahoo.com','978-1412971027'),('choyjianmin1991@gmail.com',2,'dingkuanchong2010@msn.com','978-1594487712'),('choyjianmin1991@gmail.com',0,'fanghan2011@hotmail.com','978-0130853127'),('choyjianmin1991@gmail.com',2,'ongkahhong1991@gmail.com','978-1400062157'),('choyweixiang2011@gmail.com',2,'huangzhanpeng1992@msn.com','978-0470169902'),('davidchapman1989@msn.com',0,'liujun1989@msn.com','978-0716791591'),('davidhall1992@yahoo.com',0,'jerrybrown2010@gmail.com','978-0136058960'),('davidhall1992@yahoo.com',0,'lisasmith2011@msn.com','978-1587201837'),('dennisbeckham1989@msn.com',1,'davidchapman1989@msn.com','978-0470533338'),('dennisbeckham1989@msn.com',2,'lisasmith2011@msn.com','978-0521587020'),('dennisbeckham1989@msn.com',2,'ngyanfen2010@msn.com','978-0470526705'),('dennisbeckham1989@msn.com',0,'pengjiayuan2011@hotmail.com','978-0470533338'),('dennisbeckham1989@msn.com',0,'xiexin2011@gmail.com','978-1879335639'),('dennisbeckham1989@msn.com',0,'zengyihui2010@yahoo.com','978-0742554191'),('dennispalmer1992@yahoo.com',2,'dinggekping1991@msn.com','978-1603863209'),('dennispalmer1992@yahoo.com',2,'pohhuiling1992@hotmail.com','978-0470170526'),('dingkuanchong2010@msn.com',1,'liuqian1991@yahoo.com','978-1405072878'),('dingweixiang1990@yahoo.com',1,'davidchapman1989@msn.com','978-1770450714'),('dingweixiang1990@yahoo.com',0,'lisasmith2011@msn.com','978-1587201837'),('dingweixiang1990@yahoo.com',0,'pengjiayuan2011@hotmail.com','978-0470533338'),('fengmeng1990@gmail.com',2,'liuyihui1990@hotmail.com','978-0470523988'),('fengmeng1990@gmail.com',1,'shentianyi1991@msn.com','978-0136019701'),('geduo2010@yahoo.com',0,'angjiayi1990@hotmail.com','978-0321358288'),('geduo2010@yahoo.com',1,'dennispalmer1992@yahoo.com','978-0073044811'),('geduo2010@yahoo.com',0,'sohjiefeng1991@msn.com','978-1410417114'),('geyuwei1992@hotmail.com',2,'neelamdeol2011@hotmail.com','978-0321370136'),('gohengchye1992@msn.com',1,'liewlienler2010@yahoo.com','978-0201531817'),('gohengchye1992@msn.com',1,'pohhuiling1992@hotmail.com','978-0226264219'),('gohengchye1992@msn.com',1,'zhangyingbo1989@msn.com','978-0538497909'),('gohhuiying1989@gmail.com',2,'siowcaokhoa1991@msn.com','978-1429217552'),('henryhunt1992@yahoo.com',2,'pohhuiling1992@hotmail.com','978-0470170526'),('huangqi1990@msn.com',2,'xiexin2011@gmail.com','978-1879335639'),('huangran1991@yahoo.com',2,'dinggekping1991@msn.com','978-0201531817'),('huangran1991@yahoo.com',2,'liuzhanpeng2011@msn.com','978-1176977112'),('huangran1991@yahoo.com',0,'tayweiguo1989@msn.com','978-9562913621'),('huangran1991@yahoo.com',2,'tayyongming1989@gmail.com','978-1118010402'),('huangran1991@yahoo.com',2,'zhangzhuo1989@hotmail.com','978-0205410347'),('huangwenxin2010@msn.com',0,'dennisbeckham1989@msn.com','978-0131465923'),('huangwenxin2010@msn.com',0,'henryhunt1992@yahoo.com','978-1604443417'),('huangwenxin2010@msn.com',1,'liudanni1991@yahoo.com','978-0195168075'),('huangwenxin2010@msn.com',1,'zhanghan1989@hotmail.com','978-1936594207'),('huangxuanti1992@msn.com',0,'chewsoennam1989@msn.com','978-0786298327'),('huangxuanti1992@msn.com',1,'gohhuiying1989@gmail.com','978-0470128725'),('huangxuanti1992@msn.com',1,'liudanni1991@yahoo.com','978-0143105923'),('huangzhanpeng1992@msn.com',0,'choyjianmin1991@gmail.com','978-0764197970'),('irisbrown1992@hotmail.com',0,'davidchapman1989@msn.com','978-0470533338'),('irisbrown1992@hotmail.com',0,'davidchapman1989@msn.com','978-1770450714'),('irisbrown1992@hotmail.com',1,'dingweixiang1990@yahoo.com','978-0470547410'),('irisbrown1992@hotmail.com',1,'henryhunt1992@yahoo.com','978-0470567029'),('irisbrown1992@hotmail.com',0,'huangwenxin2010@msn.com','978-0470547410'),('jennybeckham1992@gmail.com',0,'henryhunt1992@yahoo.com','978-0735619678'),('jennybeckham1992@gmail.com',0,'ngyongming2011@yahoo.com','978-0486291130'),('jennyhunt1991@gmail.com',1,'xuhuajun1990@msn.com','978-0672325670'),('jerrybrown2010@gmail.com',0,'liulinxi1991@yahoo.com','978-1936594290'),('kenowen2011@yahoo.com',2,'anupamaanghan2010@yahoo.com','978-0136086208'),('kenowen2011@yahoo.com',1,'tanhuilin1989@hotmail.com','978-0470523988'),('krupeshandhak1991@yahoo.com',1,'tanchenghan1990@msn.com','978-0071602174'),('krupeshandhak1991@yahoo.com',2,'tanhuilin1989@hotmail.com','978-0470523988'),('leeyijia1989@gmail.com',1,'dennisbeckham1989@msn.com','978-0201531817'),('leeyijia1989@gmail.com',2,'dinggekping1991@msn.com','978-0201531817'),('leeyijia1989@gmail.com',2,'dingkuanchong2010@msn.com','978-1594487712'),('leeyijia1989@gmail.com',2,'liewlienler2010@yahoo.com','978-0201531817'),('leeyijia1989@gmail.com',0,'liushaojun2010@msn.com','978-1603863209'),('leeyijia1989@gmail.com',0,'tanchenghan1990@msn.com','978-0201531817'),('liewlienler2010@yahoo.com',2,'chiayeuarng1991@hotmail.com','978-1172290055'),('liewlienler2010@yahoo.com',1,'ngyongming2011@yahoo.com','978-0887276897'),('liewlienler2010@yahoo.com',0,'xiexin2011@gmail.com','978-1879335639'),('liewlienler2010@yahoo.com',0,'zhangyingbo1989@msn.com','978-0470129296'),('liewlienler2010@yahoo.com',0,'zhangzhanpeng1992@hotmail.com','978-0195168075'),('lisasmith2011@msn.com',1,'fanghan2011@hotmail.com','978-0130853127'),('lisasmith2011@msn.com',1,'liudanni1991@yahoo.com','978-0143105923'),('lisasmith2011@msn.com',1,'liudanni1991@yahoo.com','978-0195168075'),('liudanni1991@yahoo.com',0,'dingkuanchong2010@msn.com','978-1594487712'),('liujun1989@msn.com',0,'nehalkanwat1989@gmail.com','978-0486291130'),('liujun1989@msn.com',0,'nganhquang1991@yahoo.com','978-1427798190'),('liujun1989@msn.com',1,'subramaniamghantasala2011@msn.com','978-0201531817'),('liujun1989@msn.com',2,'tayyongming1989@gmail.com','978-0073381084'),('liujun1989@msn.com',2,'zhouxialin1990@yahoo.com','978-0521124331'),('liujun1992@msn.com',1,'davidchapman1989@msn.com','978-0495411307'),('liujun1992@msn.com',0,'zhengnana1991@gmail.com','978-1449389734'),('liulinxi1991@yahoo.com',0,'liushaojun2010@msn.com','978-0471793038'),('liulinxi1991@yahoo.com',2,'liuzhanpeng2011@msn.com','978-1176977112'),('liulinxi1991@yahoo.com',0,'zengyihui2010@yahoo.com','978-0742554191'),('liuqian1991@yahoo.com',2,'huangzhanpeng1992@msn.com','978-0470169902'),('liuqian1991@yahoo.com',2,'liudanni1991@yahoo.com','978-0072965339'),('liuqian1991@yahoo.com',1,'xuhuajun1990@msn.com','978-0672325670'),('liuqian1991@yahoo.com',2,'zhengzhemin1991@yahoo.com','978-0321474049'),('liushaojun2010@msn.com',0,'lisasmith2011@msn.com','978-0137057382'),('liuyihui1990@hotmail.com',0,'chewsoennam1989@msn.com','978-0786298327'),('liuyihui1990@hotmail.com',0,'wangna1990@yahoo.com','978-0071602174'),('liuyiyang1992@msn.com',1,'huangzhanpeng1992@msn.com','978-0374128906'),('liuyiyang1992@msn.com',2,'liewlienler2010@yahoo.com','978-0201531817'),('liuyiyang1992@msn.com',1,'zhanghong2011@msn.com','978-0071635264'),('liuzhencai1990@msn.com',2,'huangwenxin2010@msn.com','978-0470547410'),('liuzhencai1990@msn.com',2,'neelamdeol2011@hotmail.com','978-1607146391'),('liuzhencai1990@msn.com',2,'zhangyingbo1989@msn.com','978-0538497909'),('liyuzhao1990@gmail.com',1,'fanghan2011@hotmail.com','978-0131367364'),('liyuzhao1990@gmail.com',1,'pohhuiling1992@hotmail.com','978-0470170526'),('nehalkanwat1989@gmail.com',0,'tayweiguo1989@msn.com','978-1177759144'),('nganhquang1991@yahoo.com',2,'choyjianmin1991@gmail.com','978-0764197970'),('ngoogekping1990@hotmail.com',1,'dingkuanchong2010@msn.com','978-0470279274'),('ngoogekping1990@hotmail.com',1,'zhoucong1990@yahoo.com','978-0596007126'),('ngoogekping1990@hotmail.com',2,'zhouxialin1990@yahoo.com','978-0470567029'),('ngqiyang1989@msn.com',0,'davidchapman1989@msn.com','978-0495411307'),('ngyanfen2010@msn.com',2,'huangzhanpeng1992@msn.com','978-0596513986'),('ngyanfen2010@msn.com',2,'tayweiguo1989@msn.com','978-0375758256'),('ngyanfen2010@msn.com',0,'zhangyingbo1989@msn.com','978-0538497909'),('ngyongming2011@yahoo.com',2,'liuzhanpeng2011@msn.com','978-1176977112'),('ngyongming2011@yahoo.com',2,'tayyongming1989@gmail.com','978-0321651525'),('ongkahhong1991@gmail.com',1,'dennisbeckham1989@msn.com','978-0201531817'),('ongkahhong1991@gmail.com',1,'huangxuanti1992@msn.com','978-0077216504'),('ongkahhong1991@gmail.com',0,'ngoogekping1990@hotmail.com','978-1423905875'),('ongkahhong1991@gmail.com',2,'tsohuilin1989@msn.com','978-0596802356'),('pengjiayuan2011@hotmail.com',2,'liyuzhao1990@gmail.com','978-1410426642'),('pengjiayuan2011@hotmail.com',0,'ongkahhong1991@gmail.com','978-0470129296'),('pohhuiling1992@hotmail.com',0,'dennispalmer1992@yahoo.com','978-1423905875'),('qinyuwei2011@hotmail.com',2,'sohjiefeng1991@msn.com','978-1410417114'),('seahteckkee1990@gmail.com',0,'fanghan2011@hotmail.com','978-1412971027'),('seahteckkee1990@gmail.com',2,'kenowen2011@yahoo.com','978-0321441461'),('seahteckkee1990@gmail.com',2,'xiexin2011@gmail.com','978-1879335639'),('seahteckkee1990@gmail.com',1,'zhangzhuo1989@hotmail.com','978-0205410347'),('seahwengfai1990@yahoo.com',0,'zhangzhanpeng1992@hotmail.com','978-0195103700'),('shentianyi1991@msn.com',1,'dingkuanchong2010@msn.com','978-1594487712'),('shentianyi1991@msn.com',2,'henryhunt1992@yahoo.com','978-1604443417'),('shenwanting2011@yahoo.com',1,'chewsoennam1989@msn.com','978-0786298327'),('siowcaokhoa1991@msn.com',1,'henryhunt1992@yahoo.com','978-0321543257'),('sohjiefeng1991@msn.com',2,'dingyang1989@gmail.com','978-0195154627'),('sohjiefeng1991@msn.com',0,'henryhunt1992@yahoo.com','978-0321543257'),('sohjiefeng1991@msn.com',2,'ngyongming2011@yahoo.com','978-0887276897'),('sohjiefeng1991@msn.com',1,'subramaniamghantasala2011@msn.com','978-1412971027'),('sohjiefeng1991@msn.com',0,'zhangzhuo1989@hotmail.com','978-0205410347'),('someshaneja2011@yahoo.com',0,'huangzhanpeng1992@msn.com','978-0470565520'),('someshaneja2011@yahoo.com',0,'xuhuajun1990@msn.com','978-0672325670'),('subramaniamghantasala2011@msn.com',0,'dinggekping1991@msn.com','978-0887275333'),('subramaniamghantasala2011@msn.com',2,'jennyhunt1991@gmail.com','978-0201824988'),('subramaniamghantasala2011@msn.com',1,'liujun1989@msn.com','978-0716791591'),('subramaniamghantasala2011@msn.com',2,'seahteckkee1990@gmail.com','978-1423905899'),('tanchenghan1990@msn.com',2,'angjiayi1990@hotmail.com','978-1423905875'),('tanchenghan1990@msn.com',1,'liudanni1991@yahoo.com','978-0143105923'),('tanhuilin1989@hotmail.com',0,'jennybeckham1992@gmail.com','978-0201531817'),('tanhuilin1989@hotmail.com',0,'liujun1989@msn.com','978-0716791591'),('tanhuilin1989@hotmail.com',1,'subramaniamghantasala2011@msn.com','978-0201531817'),('tanhuilin1989@hotmail.com',1,'zengyihui2010@yahoo.com','978-0553109535'),('tanhuilin1989@hotmail.com',1,'zhanghong2011@msn.com','978-0071635264'),('tanhuilin1989@hotmail.com',2,'zhangyuzhao1990@gmail.com','978-0132281416'),('tanweisheng1989@gmail.com',1,'davidchapman1989@msn.com','978-0470533338'),('tanweisheng1989@gmail.com',0,'gohengchye1992@msn.com','978-0470115398'),('tanweisheng1989@gmail.com',0,'ongkahhong1991@gmail.com','978-0803612259'),('tayweiguo1989@msn.com',2,'henryhunt1992@yahoo.com','978-0321543257'),('tayyongming1989@gmail.com',2,'zengyihui2010@yahoo.com','978-0553109535'),('tsohuilin1989@msn.com',1,'dinggekping1991@msn.com','978-0201531817'),('tsohuilin1989@msn.com',2,'xiexin2011@gmail.com','978-0887276804'),('vargheseaneja1992@msn.com',2,'liulinxi1991@yahoo.com','978-1936594290'),('wangna1990@yahoo.com',2,'dennispalmer1992@yahoo.com','978-1423905875'),('wangna1990@yahoo.com',2,'tayweiguo1989@msn.com','978-0201000085'),('wenna1990@msn.com',1,'liuzhanpeng2011@msn.com','978-0077221256'),('wenna1990@msn.com',1,'ngookaiting1991@yahoo.com','978-0321651525'),('xiexin2011@gmail.com',2,'dennisbeckham1989@msn.com','978-0201531817'),('xiexin2011@gmail.com',1,'fengmeng1990@gmail.com','978-0735626652'),('xiexin2011@gmail.com',0,'ngqiyang1989@msn.com','978-1414282893'),('xiexin2011@gmail.com',1,'zhangyingbo1989@msn.com','978-0470129296'),('xuhuajun1990@msn.com',0,'jennyhunt1991@gmail.com','978-1429214261'),('xuhuajun1990@msn.com',2,'zengyihui2010@yahoo.com','978-0742554191'),('yeojiahao1989@yahoo.com',2,'subramaniamghantasala2011@msn.com','978-1412971027'),('yeojiahao1989@yahoo.com',0,'wenna1990@msn.com','978-1936594344'),('yeojiahao1989@yahoo.com',0,'zhangzhuo1989@hotmail.com','978-0321590039'),('zengyihui2010@yahoo.com',1,'anniechapman1991@yahoo.com','978-0735627086'),('zengyihui2010@yahoo.com',0,'chiayeuarng1991@hotmail.com','978-0495411307'),('zengyihui2010@yahoo.com',1,'tayyongming1989@gmail.com','978-0321651525'),('zhangcong2010@hotmail.com',2,'gohengchye1992@msn.com','978-0470115398'),('zhangcong2010@hotmail.com',0,'jennyhunt1991@gmail.com','978-0201824988'),('zhanghan1989@hotmail.com',2,'choyweixiang2011@gmail.com','978-0538497909'),('zhanghan1989@hotmail.com',2,'dennispalmer1992@yahoo.com','978-1412971027'),('zhanghan1989@hotmail.com',2,'geduo2010@yahoo.com','978-1425318758'),('zhanghong2011@msn.com',2,'ngqiyang1989@msn.com','978-1414282893'),('zhangyingbo1989@msn.com',1,'dinggekping1991@msn.com','978-1603863209'),('zhangyuzhao1990@gmail.com',1,'vargheseaneja1992@msn.com','978-1607140573'),('zhangzhanpeng1992@hotmail.com',0,'dinggekping1991@msn.com','978-0887275333'),('zhangzhuo1989@hotmail.com',1,'tanhuilin1989@hotmail.com','978-0470523988'),('zhangzhuo1989@hotmail.com',2,'zhanghan1989@hotmail.com','978-1936594207'),('zhangzhuo1989@hotmail.com',2,'zhangzhanpeng1992@hotmail.com','978-0195168075'),('zhaoyang1989@yahoo.com',2,'chiaweiguo1990@hotmail.com','978-0804838160'),('zhaoyang1989@yahoo.com',1,'kenowen2011@yahoo.com','978-0321441461'),('zhoucong1990@yahoo.com',0,'fengmeng1990@gmail.com','978-1607146391'),('zhouhuichan1990@msn.com',1,'dennisbeckham1989@msn.com','978-1428340664'),('zhouhuichan1990@msn.com',2,'henryhunt1992@yahoo.com','978-0321543257'),('zhouhuichan1990@msn.com',2,'zhouxialin1990@yahoo.com','978-1169319899'),('zhouxialin1990@yahoo.com',2,'nehalkanwat1989@gmail.com','978-0486291130'),('zhouxialin1990@yahoo.com',1,'ngookaiting1991@yahoo.com','978-0321651525'),('zhouxialin1990@yahoo.com',0,'shenwanting2011@yahoo.com','978-0073513157'),('zhouxialin1990@yahoo.com',1,'siowcaokhoa1991@msn.com','978-1594487712'),('zhuchang2010@gmail.com',0,'dinggekping1991@msn.com','978-1603863209'),('zhuchang2010@gmail.com',2,'zhangzhuo1989@hotmail.com','978-0803612259');
/*!40000 ALTER TABLE `myapp_usefulness` ENABLE KEYS */;
UNLOCK TABLES;
/*!40103 SET TIME_ZONE=@OLD_TIME_ZONE */;

/*!40101 SET SQL_MODE=@OLD_SQL_MODE */;
/*!40014 SET FOREIGN_KEY_CHECKS=@OLD_FOREIGN_KEY_CHECKS */;
/*!40014 SET UNIQUE_CHECKS=@OLD_UNIQUE_CHECKS */;
/*!40101 SET CHARACTER_SET_CLIENT=@OLD_CHARACTER_SET_CLIENT */;
/*!40101 SET CHARACTER_SET_RESULTS=@OLD_CHARACTER_SET_RESULTS */;
/*!40101 SET COLLATION_CONNECTION=@OLD_COLLATION_CONNECTION */;
/*!40111 SET SQL_NOTES=@OLD_SQL_NOTES */;

-- Dump completed on 2017-12-15 23:40:03
